"","Colonia","Municipio","Ind_Marg","Cant_de_beneficiarios"
"1","LOMAS DE TABACHINES","zapopan",2.58470532289797,302
"3","LAS HUERTAS","tlaq",0.628521774697756,418
"4","SAN ANTONIO","guadalajara",0.0827190613783165,122
"5","NUEVO VERGEL","zapopan",1.59780786939556,98
"6","SANTA FE","tlajomulco",-0.226288722566342,177
"8","LOMAS DEL TAPATIO","tlaq",0.76352277354366,158
"9","BALCONES DE SANTA MARIA","tlaq",-0.927194957485918,308
"10","TOLUQUILLA","tlaq",0.262165871395447,45
"13","LOMAS DEL CAMICHIN","tonala",0.279265494524673,197
"15","MIRAMAR","zapopan",1.01432325354946,449
"16","JARDINES DEL SUR","guadalajara",-1.28573613415691,254
"17","PARQUES DE TESISTAN","zapopan",-0.411927158013192,148
"20","LOMAS DE ZAPOPAN","zapopan",-0.817357606974776,422
"23","LOS PUESTOS","tlaq",1.7356592131371,93
"25","ALTAGRACIA","zapopan",-0.270718681008029,122
"28","PRADOS PROVIDENCIA","guadalajara",-1.99217555825025,11
"31","PALMIRA","zapopan",1.34455493295088,62
"34","HACIENDA DE LOS EUCALIPTOS","tlajomulco",0.409124334475533,50
"35","OBLATOS","guadalajara",0.169794275437156,889
"40","INSURGENTES","guadalajara",0.0569995346294683,884
"44","HIDALGO","tlaq",0.454197121342,65
"46","CIUDAD GRANJA","zapopan",-1.02900009362674,112
"47","JARDINES DE LA PAZ","guadalajara",-1.28604700371032,272
"51","PASEOS DE SANTIAGO","tonala",-0.795367256522938,97
"59","LAZARO CARDENAS","guadalajara",1.01583625274373,139
"66","SANTA MARGARITA","zapopan",0.494021459628462,311
"71","NUEVA SANTA MARIA","tlaq",1.30556931210952,317
"75","LOMA BONITA","zapopan",-1.67652676747542,59
"78","INFONAVIT LA SOLEDAD","tonala",-0.399588515091326,131
"79","EL MANANTIAL","guadalajara",-1.4184336156472,40
"80","LOMAS DE POLANCO","guadalajara",-0.123608953107157,373
"82","PARAISOS DEL COLLI","zapopan",0.752417543866217,249
"86","TABACHINES","zapopan",-1.07150356942583,274
"87","ARCOS DE ZALATITAN","tonala",1.42892630254703,17
"90","BENITO JUAREZ","zapopan",0.250942550279799,128
"92","VALLE DORADO","tlajomulco",0.149211860798605,122
"95","ALFREDO BARBA","tlaq",1.27791617814409,103
"99","LA PERLA","guadalajara",-0.32883064872084,264
"100","SAN AGUSTIN","tlajomulco",0.646730243994211,133
"104","PASEOS DEL VALLE","tonala",-0.290936979312471,78
"105","LA MARTINICA","zapopan",1.0477437362726,115
"107","SAGRADA FAMILIA","guadalajara",-0.928057251747139,44
"108","LIBERTADOR MIGUEL HIDALGO","guadalajara",-1.44216703262411,42
"110","CONSTITUCION","zapopan",0.11021996177635,563
"111","MORELOS","guadalajara",-0.739616373485387,234
"112","LOMA BONITA EJIDAL","tlaq",0.26921262554665,61
"116","COYULA","tonala",3.18971817696323,51
"119","LIBERTAD","guadalajara",-0.181194150621969,209
"124","LAS JUNTAS","tlaq",0.716840331475828,156
"125","SAN RAFAEL","guadalajara",-1.12999690852701,268
"126","LOMAS DE LA SOLEDAD","tonala",1.05586535703229,102
"127","RANCHO NUEVO","guadalajara",0.269700656691831,352
"128","PIRAMIDES","zapopan",0.907692024010251,3
"132","SANTA ANITA","tlaq",0.66727566445334,86
"134","20 DE NOVIEMBRE","tonala",1.02988263246858,127
"137","12 DE DICIEMBRE","zapopan",4.65559197383588,17
"145","EL COLLI URBANO","zapopan",-0.776721646717708,74
"148","REY XOLOTL","tonala",1.23188071098781,100
"153","LOS TULIPANES","tonala",4.89038514374297,17
"154","MIRADOR DE SAN ISIDRO","zapopan",-1.32612767974049,82
"162","LOMA BONITA","tonala",1.70128401766964,146
"163","EL CARMEN","guadalajara",0.639271371628908,140
"165","LAGOS DE ORIENTE","guadalajara",0.625011313258559,390
"168","RESIDENCIAL PONIENTE","zapopan",-0.80646656224239,66
"169","JARDINES DEL VALLE","zapopan",-1.04353049736484,582
"175","INDEPENDENCIA","guadalajara",-1.54587523371926,383
"177","PONCIANO ARRIAGA","tlaq",1.26954283774197,16
"178","DEL FRESNO","guadalajara",-0.342280656442694,387
"179","EL ZALATE","guadalajara",-0.69333901109257,106
"185","LOMAS DEL PARADERO","guadalajara",-0.436444525695447,184
"187","RANCHO ALEGRE","tlajomulco",0.909663986782427,67
"190","SAN ISIDRO","guadalajara",-0.0330790501455025,176
"192","ARTESANOS","tlaq",1.12631692668623,70
"195","BUENOS AIRES","tlaq",1.51666437050797,181
"207","JUAN DE LA BARRERA","tlaq",1.38411607446292,43
"209","JARDINES DE ATEMAJAC","guadalajara",-1.93161104961314,12
"212","MIGUEL HIDALGO","zapopan",1.00490618218195,145
"214","LOMAS DEL BATAN","zapopan",-0.144584499421633,65
"219","EL VIGIA","zapopan",-0.256237866497982,110
"220","SAN JUAN BOSCO","guadalajara",-0.278355215001782,65
"225","CENTRO","guadalajara",-0.641073225146309,219
"231","JARDINES DE LA ESPERANZA","zapopan",-1.06474776334566,28
"232","SAN PEDRITO","tlaq",1.36008924770592,288
"233","BOSQUES DEL CENTINELA","zapopan",-1.14350433533215,167
"234","HACIENDA SANTA FE","tlajomulco",0.414421956154022,275
"235","LOS ARRAYANES","guadalajara",1.0910683550901,25
"237","EL SAUZ","tlaq",3.29499437337368,201
"238","DEL SUR","guadalajara",-0.504507821283206,105
"241","LOMA BONITA EJIDAL","zapopan",-0.39820222527394,132
"243","LA MAGDALENA","zapopan",2.29121074278929,40
"245","LAS LIEBRES","tlaq",1.83262077958734,157
"246","VILLAS DEL IXTEPETE","zapopan",-1.19778051044066,50
"247","GENERAL REAL","guadalajara",0.127583770603727,123
"251","LA SOLEDAD","tlaq",0.281274262242562,31
"253","ATLAS","guadalajara",-0.7041083678257,283
"254","PARQUES DE ZAPOPAN","zapopan",-1.28689443329061,148
"257","SANTA ELENA ALCALDE","guadalajara",-1.6410540073548,165
"264","JARDINES DEL COUNTRY","guadalajara",-1.8133088498792,127
"265","ALTUS QUINTAS","zapopan",-1.37426494525199,9
"270","ZAPOPAN CENTRO","zapopan",-0.365146201242778,127
"272","VILLA VICENTE GUERRERO","guadalajara",-0.0403775880138094,62
"278","ATEMAJAC DEL VALLE","zapopan",-0.218564438290835,248
"279","LA ESTANCIA","zapopan",-1.64233828508453,61
"288","SANTA PAULA","tonala",2.54519388644745,290
"290","FRANCISCO SILVA ROMERO","tlaq",2.28153384055862,82
"292","JARDINES DE LOS BELENES","zapopan",0.394237434955235,48
"302","VICTOR HUGO","zapopan",0.150832617167246,63
"304","LOS ALTOS","tlaq",-0.546310583816719,101
"307","EL TAPATIO","tlaq",0.273865231367609,239
"311","CENTRO","tlajomulco",1.7730987277784,77
"316","GUADALUPANA","guadalajara",-1.08754638717447,244
"325","LOS MESEROS","tlaq",0.231162498426278,41
"328","EL BATAN","zapopan",-0.46447522135581,88
"329","SAN SEBASTIANITO","tlaq",0.143122362975623,70
"330","LA LOMA","guadalajara",-0.717122439644786,299
"333","HOGARES DE NUEVO MEXICO","zapopan",1.1198133052296,63
"337","EL SAUZ","guadalajara",-0.67860814218674,178
"341","JARDINES DE SAN FRANCISCO","guadalajara",-0.0330383298931985,106
"342","JARDINES DE TABACHINES","zapopan",-1.00413418358734,7
"345","EMILIANO ZAPATA","tlaq",3.09541880107583,43
"347","EL REFUGIO","guadalajara",-0.687381797372115,10
"356","JARDINES DE LA REINA","tonala",-0.626917292340875,60
"357","NUEVA GALICIA","tlajomulco",-1.535294505787,21
"363","BARRIO NUEVO","tonala",1.5370053782753,13
"369","PARQUES DE SANTA MARIA","tlaq",-0.85577906131854,266
"372","VISTA HERMOSA","tlaq",-0.701546121793262,35
"375","LOMAS DE SANTA MARIA","tlaq",5.09055948402016,26
"376","EL PORVENIR","guadalajara",-0.307057462475847,129
"377","COLLI SITIO","zapopan",-0.402047717960433,20
"378","RESIDENCIAL DE LA BARRANCA","guadalajara",-0.230615542177027,2
"386","VALLE DE LA MISERICORDIA","tlaq",5.20548673414527,16
"387","TESISTAN","zapopan",0.0670765197683445,74
"390","REAL DEL VALLE","tlajomulco",-0.649536476699693,129
"396","QUINTERO","tlaq",0.203378921282875,54
"397","JARDINES DE SANTA ISABEL","guadalajara",-0.731037374104586,114
"398","MISION DE LA CANTERA","tonala",-0.542476827920686,32
"402","JARDINES DEL ROSARIO","guadalajara",-1.52806852047422,99
"409","CANTARRANAS","guadalajara",-0.114856519286094,15
"410","ARENALES TAPATIOS","zapopan",1.2174494803796,378
"425","ALAMO INDUSTRIAL","guadalajara",-1.16723564911636,108
"428","NUEVA SANTA MARIA","guadalajara",1.77468709480614,107
"430","BOSQUES DE LA VICTORIA","guadalajara",-1.60347598120745,48
"433","PATRIA NUEVA","guadalajara",0.725617974683872,90
"438","LA FLORIDA","guadalajara",-0.392592190914652,62
"448","CAMICHINES II","tonala",-0.546329255442521,51
"450","SAN JUAN DE OCOTAN","zapopan",1.93615941547196,118
"466","EDUCADORES JALISCIENSES","tonala",-0.483603837870651,100
"470","SALVADOR PORTILLO LOPEZ","tlaq",1.29140168738519,78
"472","MISION DEL BOSQUE","zapopan",-1.05499002495162,159
"482","BALCONES DE LA CANTERA","zapopan",1.10362046066942,171
"493","EL MIRADOR","guadalajara",-1.10373026589449,121
"496","VILLA DE GUADALUPE","zapopan",2.24177067827085,324
"499","LAS AGUILAS","zapopan",-1.61608834388882,200
"502","SAN MARTIN DE LAS FLORES DE ABAJO","tlaq",3.47331725893411,57
"508","AUDITORIO","zapopan",-1.10864204501514,76
"510","18 DE MARZO","guadalajara",-1.45392018922376,106
"513","ALAMO ORIENTE","tlaq",-0.54878386493288,58
"514","SANTA CATALINA","zapopan",-2.03409463756803,10
"516","LORETO","tlaq",-1.69593387723277,7
"525","PASEOS DEL SOL","zapopan",-1.53908500811288,196
"534","VILLAS DEL NILO","guadalajara",-1.08863182853433,67
"540","VISTAS DE TESISTAN","zapopan",-0.172507258093497,56
"541","LOMAS DE LA PRIMAVERA","zapopan",2.5244852540714,135
"548","GUAYABITOS","tlaq",2.88395157750839,134
"549","LA AURORA","guadalajara",-0.343845881338276,116
"550","LA FLORIDA","zapopan",2.14046881934535,32
"551","JOCOTAN","zapopan",0.730713750575578,40
"555","SAN JOSE DEL BAJIO","zapopan",-1.1488296089489,31
"560","FRANCISCO I MADERO","tlaq",2.88149740000123,89
"562","LA JOYITA","guadalajara",0.463829441716438,18
"567","SAN ISIDRO EJIDAL","zapopan",0.0522835014824805,101
"575","HERMOSA PROVINCIA","guadalajara",1.22637609647361,64
"583","GUSTAVO DIAZ ORDAZ","zapopan",-0.926677689469529,53
"584","SANTA ELENA ESTADIO","guadalajara",-1.45839377575436,79
"585","LOS COLORINES","guadalajara",0.271389163506978,50
"587","CANAL 58","tlaq",1.3858128572999,76
"596","BOSQUE ESCONDIDO","zapopan",-0.76145754327064,19
"600","OBRERA","guadalajara",-1.71066826241829,16
"603","NUEVA GALICIA","zapopan",-2.20892259301654,1
"609","LOMA CHICA","zapopan",0.792648391956623,15
"616","LA DURAZNERA","tlaq",1.33071899330563,113
"625","BOSQUES DE TONALA","tonala",1.5292044520962,92
"627","INDIGENA DE MEZQUITAN","zapopan",1.40452913576213,60
"630","VILLAS DE LA HACIENDA","tlajomulco",-0.0682874823377126,118
"638","SAN VICENTE","guadalajara",-0.283374745093236,208
"647","FERROCARRIL","guadalajara",0.850932786648852,133
"658","CANTERAS DEL CENTINELA","zapopan",-1.64000479258215,6
"661","PROGRESO","guadalajara",-0.155179492696294,115
"666","LA ESPERANZA","guadalajara",0.225984058187817,147
"687","OSORIO COMUNAL","tonala",12.1206893726681,5
"701","JARDINES DE SAN MARTIN","tlaq",2.09016361803911,59
"710","JARDINES TAPATIOS","zapopan",2.33949647459772,20
"731","JARDINES DE LA CRUZ ORIENTE","tonala",2.76268352491931,26
"735","EL ROSARIO","tonala",2.22347600483916,123
"737","SAN JUAN DE DIOS","guadalajara",1.14196506653191,52
"738","LOMAS DEL MANANTIAL","tonala",2.68070887395714,51
"744","CHAPULTEPEC COUNTRY","guadalajara",-1.52491642694599,85
"747","LOMA LINDA","guadalajara",1.0625642759747,76
"750","HACIENDA REAL","tonala",-1.00466909137151,89
"758","BALCONES DE SANTA ANITA","tlajomulco",0.494641831276896,44
"769","SAN CARLOS","guadalajara",0.0142925551942253,73
"779","SAN ELIAS","tonala",0.942036617725287,15
"782","COLINAS DEL REY","zapopan",-0.737627031616826,54
"790","PLAZA GUADALUPE","zapopan",-1.87249081662525,73
"808","CIUDAD AZTLAN","tonala",0.994268161305185,92
"809","LAS TORRES","guadalajara",-1.15197501277002,8
"811","DEL SUR","tonala",3.33172431643902,32
"818","JARDINES ALCALDE","guadalajara",-1.73259090471809,171
"844","LA CALMA","zapopan",-1.92678647116202,74
"850","EL ORGANO","tlaq",1.36037235402274,127
"856","SANTA CRUZ DEL VALLE","tlajomulco",1.68308942911175,115
"858","NEXTIPAC","zapopan",0.316187674454958,43
"865","MARCELINO GARCIA BARRAGAN","zapopan",2.3338893084269,74
"867","LA JOYA","guadalajara",-0.618658349851819,55
"871","HACIENDAS DEL REAL","tlaq",0.52770420186744,57
"873","COLINAS DE LA NORMAL","guadalajara",-1.53953084969189,101
"880","SANTA TERESITA","guadalajara",-0.96344859454189,44
"885","POLANCO ORIENTE","guadalajara",0.339160084747544,49
"887","PARQUE REAL","zapopan",-0.793274550833763,180
"891","ARBOLEDAS DEL SUR","guadalajara",-0.740074813973175,151
"892","JARDINES DE GUADALUPE","guadalajara",0.058220152530185,84
"899","TEPEYAC","zapopan",-0.883318732431721,40
"902","COLINAS DE ATEMAJAC","zapopan",-1.3469557016258,59
"908","ALTAMIRA","tonala",1.43507009228373,121
"910","MIGUEL DE LA MADRID","zapopan",-0.148074124945706,30
"912","EL VERGEL","tlaq",1.33803227588958,168
"919","VOLCAN DEL COLLI","zapopan",0.463678727020819,15
"921","EUCALIPTO VALLARTA","zapopan",-1.60806903095394,4
"924","MARIANO OTERO","zapopan",0.770318430507366,175
"938","CERRO DEL CUATRO","tlaq",0.548566514024882,40
"943","VICENTE GUERRERO","guadalajara",-1.80674339021455,104
"953","LOS PORTALES","tlaq",-0.169805852985752,53
"954","SAN SEBASTIAN EL GRANDE","tlajomulco",2.12034362658442,118
"964","VILLAS DE ZAPOTEPEC","tlajomulco",0.625397878594284,11
"969","SUTAJ","guadalajara",-1.17433698001998,16
"971","TERRALTA","tlaq",-1.43214669212985,23
"974","ARCOS DE ZAPOPAN","zapopan",-0.844737776616108,351
"980","MIRAFLORES","guadalajara",-1.81293303391935,69
"983","GIRASOLES ELITE","zapopan",-1.96591456970118,22
"984","LA TIJERA","tlajomulco",0.745461703641481,10
"985","EL REAL","tlaq",0.742852383325482,16
"1015","COLINAS DE TABACHINES","zapopan",0.214138415249542,13
"1016","GUADALAJARA ORIENTE","guadalajara",-0.473495869622246,129
"1026","SANTA CRUZ DE LAS HUERTAS","tonala",1.85287691438755,74
"1028","JARDINES DE VERANO","tlajomulco",0.796426833709227,47
"1029","ARCOS VALLARTA","guadalajara",-1.09393665518652,9
"1035","MEDRANO","guadalajara",0.381006327133794,84
"1039","LA TUZANIA","zapopan",-0.905677879800548,44
"1057","LA FEDERACHA","guadalajara",0.286879568841109,19
"1060","SANTA ANA TEPETITLAN","zapopan",1.07586457356915,148
"1064","PINAR DE LAS PALOMAS","tonala",0.387431537344952,59
"1077","HOGARES DEL BATAN","zapopan",-0.240614003705458,33
"1081","LOMAS DEL SUR","tlajomulco",0.97241843665771,194
"1083","GUSA","zapopan",-1.31913882098893,31
"1088","MIRAVALLE","tlaq",-1.19267814637349,122
"1095","AGUA ESCONDIDA","tonala",6.29028632355643,8
"1099","EL RETIRO","guadalajara",-0.682178551116434,115
"1100","LOMAS DE SAN AGUSTIN","tlajomulco",-0.266763569053068,158
"1103","AUTOCINEMA","guadalajara",-1.06544785639093,50
"1109","HUERTAS DE SAN GASPAR","tonala",1.82447886632201,10
"1112","LOMAS DEL REFUGIO","zapopan",2.11864028432641,54
"1116","CAMICHINES","tlaq",-0.677919950359939,111
"1122","FRANCISCO SARABIA","zapopan",0.38079447013984,25
"1139","VILLAS DE LA CRUZ","guadalajara",-1.40011917999377,2
"1140","VISTAS DEL VALLE","tonala",-0.520294769161527,8
"1160","ALAMEDAS DE ZALATITAN","tonala",1.88490206635647,341
"1161","AGUA FRIA","zapopan",2.95400502940113,69
"1177","VILLAS DE LA LOMA","zapopan",-0.28976939312409,70
"1180","VALLARTA SAN JORGE","guadalajara",-1.7710187697617,15
"1198","LOMAS DE SAN MIGUEL","tlaq",-0.538821765560915,92
"1199","DIVISION DEL NORTE","zapopan",-0.174253240566487,45
"1202","JARDINES DE SANTA ANA","zapopan",0.716675095855491,11
"1208","HACIENDAS DE SAN JOSE","tlaq",-1.28163759003452,87
"1213","JARDINES DEL BOSQUE","guadalajara",-1.81089491906427,41
"1215","JARDINES DE SANTA MARIA","tlaq",5.05425160294847,90
"1221","PEDRO MORENO","zapopan",0.00693217220457851,19
"1250","REVOLUCIONARIA","guadalajara",0.241543831266462,21
"1251","EL CAMPESINO","tlaq",1.93565557337532,114
"1252","QUINTA VELARDE","guadalajara",-1.05788289880939,79
"1268","JARDINES VALLARTA","zapopan",-1.86389982141723,23
"1283","SANTA ROSA","tonala",4.63552502894598,22
"1291","HIGUERILLAS","guadalajara",-0.610215118811048,64
"1299","NUEVO MEXICO","zapopan",-0.339663853127927,64
"1302","MONUMENTAL","guadalajara",-1.34172360924473,136
"1306","JARDINES DEL VALLE","guadalajara",-1.2988143241665,42
"1334","LA FLORESTA DEL COLLI","zapopan",2.01427257358121,20
"1335","FEDERALISMO","guadalajara",-0.317635849828267,60
"1351","ALBORADA","tlaq",2.93725033709967,31
"1359","LA PALMITA","zapopan",-0.290881773970148,51
"1391","ORO","guadalajara",-1.007608389119,7
"1394","EL MIRADOR","tonala",2.52053128254529,22
"1400","LOMAS DEL CENTINELA","zapopan",5.2492417677914,75
"1422","LA VENTA DEL ASTILLERO","zapopan",0.29370580032802,41
"1423","PARQUES TEPEYAC","zapopan",-1.36200579203674,19
"1424","EL PALOMAR","tlajomulco",-1.74098311372002,6
"1430","LOMAS DE TLAQUEPAQUE","tlaq",0.510533080178867,88
"1432","LA HIGUERA","zapopan",3.20489274670027,36
"1446","VALLE DE SAN NICOLAS","zapopan",0.351407437874169,28
"1454","EL MANTE","zapopan",0.600230309507989,42
"1475","SAN EUGENIO","guadalajara",-0.9105631871849,71
"1478","EL ROSARIO","guadalajara",-1.25923825342922,58
"1484","PRADOS DEL NILO","guadalajara",-0.413937491838117,81
"1490","LA CORONILLA","zapopan",2.11890175757332,68
"1517","RANCHO BLANCO","guadalajara",-0.645604204713381,48
"1519","PARQUES COLON","tlaq",-1.28051405906,84
"1529","TRES PINOS","tlaq",-1.83139705237899,3
"1531","EL CHIRIMOYO","tlajomulco",0.615345638606386,3
"1538","SEATTLE","zapopan",-1.11908937904637,67
"1541","SAN MIGUEL CUYUTLAN","tlajomulco",1.25700926446593,25
"1564","VALLE DEL SOL","tonala",-0.546612989724972,22
"1584","LOS MOLINOS","zapopan",-0.566363832198983,74
"1589","EMILIANO ZAPATA","guadalajara",0.167619804206472,12
"1590","JARDINES DE LA PAZ","tlaq",-1.32657083553363,68
"1602","LA PAZ","guadalajara",-0.524792743920319,68
"1606","ITALIA PROVIDENCIA","guadalajara",-1.78855259056905,11
"1610","CIUDAD DEL SOL","zapopan",-1.77623181172763,12
"1612","SANTA ROSA","guadalajara",0.0686869054098332,60
"1616","PRADERAS DE SAN ANTONIO","zapopan",1.00974365290281,24
"1622","8 DE JULIO","guadalajara",-1.46377985030083,13
"1634","DIVISION DEL NORTE","guadalajara",1.32129964095938,75
"1636","SANTA FE","zapopan",-0.406542805840426,36
"1656","ALVARO OBREGON","tlaq",1.8486100458865,31
"1662","SAN ESTEBAN","zapopan",4.47664997559617,14
"1666","OJO DE AGUA","tlaq",0.136275690724795,24
"1670","SANTA CRUZ DE LAS FLORES","tlajomulco",0.501657814237502,39
"1675","VILLAS DE SAN JUAN","guadalajara",-1.47342083013786,76
"1676","INDEPENDENCIA PONIENTE","guadalajara",-1.17824658200788,33
"1724","EL MOLINO","tonala",3.36430824800177,47
"1739","LOMAS DE SAN MIGUEL II","tonala",0.466079335402678,2
"1748","VILLAS ALCALDE","zapopan",-1.63339887365038,22
"1753","LOS CAJETES","zapopan",1.88317041538756,37
"1755","REAL DEL BOSQUE","zapopan",-1.79611430383268,48
"1765","VALLE DE SAN ISIDRO","zapopan",-1.18700112359308,95
"1770","SAN JOSE DEL VALLE","tlajomulco",1.66213635510441,24
"1773","ROMITA","tlaq",2.04481485496471,36
"1827","HACIENDA LOS FRESNOS","tlajomulco",-0.515293226364869,21
"1828","EL FORTIN","zapopan",-0.342409523491791,45
"1841","EL CERRITO","tlaq",1.60949969394552,17
"1847","BALCONES DEL SOL","zapopan",1.36937231290751,53
"1862","LA CAPACHA","tlaq",-0.283274482124492,60
"1878","MESA DE LOS OCOTES","zapopan",5.02463498543421,139
"1887","PRADOS VALLARTA","zapopan",-1.97720968821612,52
"1889","JARDINES UNIVERSIDAD","zapopan",-1.87602381514802,17
"1902","ARROYO HONDO","zapopan",1.78998315041168,88
"1923","REAL DEL SOL","tlajomulco",-0.302806153949307,61
"1945","LAS CONCHAS","guadalajara",0.313491292550375,23
"1974","PUERTA DEL BOSQUE","zapopan",-2.07397813237758,9
"1978","VILLAS TERRANOVA","tlajomulco",0.00929826977910819,58
"1989","MIRADOR DEL SOL","zapopan",-1.72470506562449,39
"2011","CAJITITLAN","tlajomulco",1.15361275054355,18
"2067","COLONIAL TLAQUEPAQUE","tlaq",-0.806111603775093,117
"2088","BASILIO BADILLO","tonala",0.749037590228196,20
"2093","PLAN DE ORIENTE","tlaq",3.63534750674594,37
"2128","VISTAS DEL NILO","guadalajara",-0.467989488197904,18
"2133","COLLI CTM","zapopan",-1.16525174040407,7
"2136","VALLE REAL","zapopan",-1.94284414732591,1
"2155","LOMAS DE AZTLAN","tonala",-0.83189034146595,11
"2221","LOMAS DEL SEMINARIO","zapopan",-1.85051438541895,9
"2230","SAN FRANCISCO","zapopan",0.47473463862995,45
"2233","ESTRADA","zapopan",1.04758252818695,38
"2257","BOSQUES DEL BOULEVARD","guadalajara",-1.42255820995146,6
"2261","LOMAS DEL CUATRO","tlaq",0.937044284343893,31
"2268","LINDAVISTA","tlaq",-0.53491510227869,40
"2273","BONANZA","tlajomulco",-1.70939887138081,7
"2278","VICENTE GUERRERO","zapopan",0.541148060080147,77
"2288","VILLAS DE GUADALUPE","guadalajara",0.580935268833098,38
"2308","SUPER MANZANA EL ALAMO","tlaq",-1.49199406965567,7
"2313","AYUNTAMIENTO","guadalajara",-1.75145567391954,9
"2328","EL CAMPANARIO","zapopan",0.108620790705162,43
"2330","EL ZAPOTE","zapopan",-0.78234667474801,19
"2332","MIRADOR ESCONDIDO","zapopan",3.08693031065942,37
"2333","JARDINES DE LA ALAMEDA","tlajomulco",-0.956237804273419,4
"2339","JARDINES DE LA BARRANCA","guadalajara",0.460272737998103,35
"2359","FOVISSSTE MIRAVALLE","tlaq",-1.06040817833307,40
"2363","LOMAS DEL GALLO","guadalajara",1.28486542603691,72
"2379","LOMAS INDEPENDENCIA","guadalajara",-0.428845010661015,56
"2383","RANCHO BLANCO","tlaq",-0.788419064649209,49
"2416","EL REFUGIO","tlaq",0.313637039628274,24
"2425","SAN FRANCISCO","tonala",-0.492406496284725,8
"2426","LAS LUCES","tlajomulco",-0.214252288946378,23
"2437","UNION DEL CUATRO","tlajomulco",0.399273198392187,7
"2447","LA NOGALERA","guadalajara",-0.546678636794914,86
"2448","VISTA HERMOSA","zapopan",1.18399517295947,84
"2490","FRANCISCO VILLA","guadalajara",0.231663157612394,90
"2513","LOMAS DEL PEDREGAL","guadalajara",1.03293896578433,29
"2528","LA CASITA","zapopan",-0.415695314496348,52
"2529","ARTESANOS","guadalajara",-1.18230832478022,64
"2568","VALLE DE LOS LEONES","tonala",-1.29092247686528,3
"2570","UNIVERSITARIA","guadalajara",-0.899533211489034,44
"2596","PINAR DE LA CALMA","zapopan",-1.67167959957089,79
"2627","ZOQUIPAN","zapopan",-0.859189170773636,33
"2635","COLOMOS PROVIDENCIA","guadalajara",-2.04672525658094,4
"2640","ARBOLEDAS DE SAN GASPAR","tonala",1.21766755114639,30
"2644","QUINTAS DEL BOSQUE","zapopan",-1.3937596203018,4
"2671","EL MORITO","tlaq",1.6652710015799,28
"2689","PASEO DE LOS AGAVES","tlajomulco",0.0448489365325631,43
"2758","PUEBLITO DEL SOL","tonala",-0.58523849193701,10
"2762","ZONA INDUSTRIAL","guadalajara",-1.75994343614932,44
"2771","AGRICOLA","zapopan",0.425264145324555,28
"2804","CHAPALITA","guadalajara",-1.90053063925735,32
"2807","LA HACIENDITA","zapopan",0.87542722194969,33
"2816","BARRANQUITAS","guadalajara",-1.07512546823013,12
"2857","INSURGENTES","tlajomulco",4.8025666496512,1
"2864","LOMAS DE SAN EUGENIO","guadalajara",-0.0857154146562911,65
"2879","SANTA ROSA DEL VALLE","tlajomulco",6.3353236212961,2
"2894","ARCOS DE GUADALUPE","zapopan",-1.6176703261784,39
"2924","LOMAS DE SAN PEDRITO","tlaq",0.427696417498989,17
"2926","FOVISSSTE ESTADIO","guadalajara",-1.39003042969902,63
"2942","HACIENDAS DE ZAPOPAN","zapopan",-0.742003889668412,15
"2964","PARQUES DE TLAQUEPAQUE","tlaq",-1.19113335130759,7
"2976","LAS HUERTAS","guadalajara",0.00279797859727702,57
"3084","LA GLORIA DEL COLLI","zapopan",0.71880443497652,19
"3105","LAGOS DEL COUNTRY","zapopan",-2.02954867849671,63
"3113","LOS PINOS","zapopan",-1.85860943499014,5
"3142","ZONA INDUSTRIAL SUR","guadalajara",-0.803577744374318,4
"3155","RESIDENCIAL VICTORIA","zapopan",-1.81819952448621,15
"3203","GEOVILLAS LA ARBOLADA","tlajomulco",-0.454519777486525,21
"3241","EL CERRITO","tonala",-0.570139190937562,5
"3244","LA PILA","tonala",1.95058360955885,24
"3278","QUINTAS DEL VALLE","zapopan",-1.2432920765342,3
"3307","JARDINES DE PRIMAVERA","tlajomulco",0.808321991633097,3
"3310","LOS AMIALES","tonala",5.3685936958877,10
"3364","FRANCISCO VILLA","tonala",0.0577231341467501,36
"3379","LAURELES","zapopan",-0.787808248231912,14
"3380","NUEVA PRIMAVERA","zapopan",-1.15057193868184,39
"3400","HEROES NACIONALES","zapopan",1.05478380515944,21
"3421","LAS AGUJAS","zapopan",1.40855324985248,31
"3428","VILLAHERMOSA","guadalajara",-0.679900165286082,25
"3485","PARQUES DEL NILO","guadalajara",-0.618271934008796,71
"3513","EL CAPULIN","tlajomulco",1.75969721126291,5
"3529","PRIVADAS DE LA REYNA","tonala",-0.828498450254565,20
"3566","POTRERO ALTO","guadalajara",0.846455067707829,21
"3618","SAN JUAN","tlaq",-0.28755812274149,25
"3620","ZAPOPAN","zapopan",-0.664573479756588,14
"3622","TONALTECAS II","tonala",-0.245138092878898,5
"3656","SANTA LUCIA","zapopan",2.34733281287223,39
"3668","SAN JOSE EJIDAL","zapopan",2.18387028810554,26
"3693","ROBERTO OROZCO","zapopan",0.601103772770903,4
"3700","LOS ROBLES","zapopan",-0.21359186698737,14
"3750","SANTA MARGARITA RESIDENCIAL","zapopan",-0.978604007911876,3
"3816","LAS JUNTITAS","tlaq",0.950454339373992,29
"3842","LINDAVISTA","zapopan",-1.19527777364964,12
"3855","LA MORA","zapopan",-0.342070406527904,7
"3871","ARCOS SUR","guadalajara",-1.68297192671732,14
"3899","CRUCERO DE LA MESA","zapopan",0.670839978137505,13
"3934","EL BARRO","guadalajara",2.69150749805488,14
"3977","PATRIA","guadalajara",0.403544767022204,29
"3992","AGUA BLANCA POBLADO","zapopan",0.509043506189447,9
"4052","JARDINES DE LOS ARCOS","guadalajara",-1.63085427315731,13
"4073","JARDINES DEL IXTEPETE","zapopan",-0.130529850596528,18
"4088","ELECTRICISTAS","guadalajara",-1.46740189699109,32
"4132","UNIDAD MODELO","guadalajara",-1.51192969007743,42
"4169","SANTA EDUWIGES","guadalajara",-0.768281855190653,17
"4201","COLEGIO DEL AIRE","zapopan",-0.343574441669996,27
"4217","JARDINES DEL VERGEL","zapopan",0.0672849147937806,109
"4238","REAL VALLARTA","zapopan",-1.47687567505248,21
"4244","JUAN MANUEL VALLARTA","zapopan",-2.04981921386813,12
"4254","CERRO DEL TESORO","tlaq",-1.48455359054696,16
"4259","POLANQUITO","guadalajara",1.11095486949963,54
"4287","PARQUES DE STA CRUZ DEL VALLE","tlaq",-0.749246299489269,2
"4310","GUADALUPE","zapopan",-1.99931200152254,4
"4314","PARQUE DE LA CASTELLANA","zapopan",-2.10744837278132,4
"4332","ARROYO DE ENMEDIO","tonala",5.40609857470213,7
"4358","SANTA ISABEL","tonala",5.2419529661304,29
"4383","CLEMENTE OROZCO","guadalajara",-1.17509371116965,1
"4396","EMILIANO ZAPATA","zapopan",1.0203040868344,86
"4441","SAN GASPAR","tonala",3.54422766913131,34
"4457","GUADALUPE INN","zapopan",-1.79170853946989,18
"4544","LOS HORNOS","guadalajara",-1.16453297275549,1
"4566","LA CONCHA","tonala",-0.953137347418274,24
"4612","LOMAS DE ATEMAJAC","zapopan",-1.4998315072842,47
"4712","LA PROVIDENCIA","tonala",-0.485110125058624,60
"4793","TOLOLOTLAN","tonala",1.68486261360114,1
"4806","MESA COLORADA ORIENTE","zapopan",2.22235201690387,16
"4820","EL PARAISO","tlajomulco",-1.32014112708707,14
"4871","VENUSTIANO CARRANZA","zapopan",-0.705792936124263,23
"4883","LA CAMPESINA","guadalajara",0.554513152220761,49
"4955","JARDINES DE CHAPALITA","zapopan",-2.00501116015776,3
"4957","VILLAS DEL TEPEYAC","zapopan",-1.9564380903097,2
"4960","COLINAS DE LOS ROBLES","zapopan",0.110114474413139,62
"4968","BOSQUES DE SAN ISIDRO","zapopan",-1.37529843593097,5
"5048","JARDINES DEL PORVENIR","zapopan",-0.682423367131718,8
"5054","LA SILLITA","tonala",1.21451912505287,7
"5083","SANTA ELENA","guadalajara",-0.173202676738126,19
"5092","EL HORMIGUERO","guadalajara",-0.647727538869889,11
"5119","PRADERAS DEL SOL","tonala",-0.20953026075513,10
"5128","PASEOS DEL PRADO","tlaq",-0.424371072679445,77
"5130","LOMA BLANCA","zapopan",-2.2020896958051,4
"5209","PARQUE GUADALUPE","zapopan",-2.08547743215983,1
"5253","4 ESTACIONES","tlajomulco",-0.169326937753133,14
"5424","TATEPOSCO","tlaq",1.38924914500297,28
"5431","LA EXPERIENCIA","zapopan",-0.61240406278125,28
"5463","SAN FRANCISCO","guadalajara",-0.977762953199272,53
"5483","COLINAS DEL ROBLE","tlajomulco",0.407158232926612,28
"5508","GUADALUPE SUR","zapopan",-1.85211667288909,7
"5548","EL JORDAN","tonala",0.988672033322838,2
"5550","CARLOS RIVERA ACEVES","zapopan",3.00657413197018,13
"5588","LA LOMA","tonala",1.81475903256651,10
"5593","BOSQUES DE LA CANTERA","guadalajara",-0.939010669458368,11
"5604","LOS GAVILANES","tlajomulco",-1.10844364582046,5
"5644","JARDINES DE SAN IGNACIO","zapopan",-2.00916308506443,9
"5680","CIHUALPILLI","tonala",3.38763285555403,7
"5829","PARQUES DEL CENTINELA","zapopan",-2.03818692549595,29
"5997","EL ALAMO","tlaq",-0.958300938368704,32
"6012","POTRERO DE SAN FRANCISCO","tonala",0.228663084022422,4
"6031","EL ZAPOTE","tonala",0.575385250420459,40
"6036","ZAPOTE DEL VALLE","tlajomulco",0.317491008503991,16
"6084","JARDINES DE SAN IGNACIO","guadalajara",-1.97381077852046,3
"6092","CHAPALITA INN","zapopan",-1.55773540143275,19
"6127","ARANDAS","guadalajara",-0.979084871010199,8
"6168","LOMA DE LOS PAJAROS","tonala",2.00557726788753,3
"6263","SAN FELIPE","guadalajara",-0.450905431692914,15
"6301","EL PARDO","tonala",7.74620711880659,1
"6413","LOS MAESTROS","zapopan",-0.659513416862758,29
"6457","HACIENDA DE VIDRIO","tlaq",0.744434579931891,7
"6458","VALLARTA PONIENTE","guadalajara",-1.82372942131636,12
"6489","LA HORTALIZA","tonala",1.88539257534129,3
"6490","SANTA MARIA TEQUEPEXPAN","tlaq",0.902588795320588,38
"6562","BALCONES DEL CUATRO","guadalajara",0.564855748987193,40
"6599","JARDINES DE GUADALUPE","zapopan",-2.01556248952416,23
"6645","SAN MIGUEL RESIDENCIAL","tlajomulco",-1.25161458526842,6
"6691","LOMAS DE TEJEDA","tlajomulco",2.48254674842157,22
"6706","OBSERVATORIO","guadalajara",-1.602880197186,3
"6779","PRESIDENTES","tlajomulco",4.35362615108776,1
"6781","SANTA PAULA","zapopan",-0.295524531255633,6
"6852","SANTA ANITA","tlajomulco",-1.76373124086235,11
"6887","AGUA BLANCA INDUSTRIAL","zapopan",0.324401580607572,31
"6951","LA GIGANTERA","tonala",3.4041443147837,2
"6956","TATEPOSCO","tonala",2.67892269707673,3
"6989","VISTAS DEL SUR","guadalajara",-0.214186652525558,19
"7003","LA ALBERCA","tonala",0.51311107182689,3
"7043","MIRADOR DE LA REINA","tonala",2.35955659771616,1
"7062","DEL PERIODISTA","guadalajara",-1.53246050094141,3
"7156","LAS ALAMEDAS","zapopan",-1.74505832604168,23
"7157","GUADALUPE EJIDAL","tlaq",2.60070030205315,38
"7223","JARDINES DE LA PATRIA","zapopan",-2.03346010772925,13
"7351","VILLAS DE LA ALAMEDA","tlajomulco",0.588023420839267,15
"7369","MONRAZ","guadalajara",-1.89212412963148,3
"7405","BUENAVISTA","tlajomulco",0.304363321486882,15
"7406","FUENTES DEL NILO","tonala",-1.77962735155634,11
"7453","EL ARROYO","tlajomulco",1.28868845694045,4
"7519","HIDALGO","tonala",0.427013570955053,4
"7587","LOPEZ MATEOS","tlaq",1.34524070247067,19
"7604","JARDIN REAL","zapopan",-1.6705483832327,10
"7605","SAN MARTIN DE LAS FLORES DE ARRIBA","tlaq",3.5026484298293,18
"7663","LOS GIRASOLES","zapopan",0.413997081793995,17
"7743","RANCHO DE LA CRUZ","tonala",1.56351867583628,23
"7753","VILLAS PERISUR","zapopan",-0.823865219674801,13
"7768","CAMINO REAL","zapopan",-2.05020469641365,17
"7800","LOMA BONITA","guadalajara",0.461039132037228,13
"7810","LOMAS DE LA VICTORIA","tlaq",-1.28912471468261,20
"8034","EL REHILETE","zapopan",11.2530198614737,9
"8070","LA GUADALUPANA","tlaq",1.08119479384907,18
"8096","EMILIANO ZAPATA","tonala",4.0456584796676,13
"8129","VILLA PUERTA DEL SOL","zapopan",-0.232238872763471,5
"8136","JAUJA","tonala",3.3887157074001,34
"8137","LAS VEGAS","tlaq",2.3987701926694,5
"8146","LOMAS DEL COLLI","zapopan",0.273165409725672,5
"8184","PRADOS TEPEYAC","zapopan",-1.97866754019235,11
"8278","PUENTE GRANDE","tonala",0.914955663646896,15
"8317","ARROYO SECO","tlaq",-1.60843064896177,22
"8391","FLORES DEL VALLE","zapopan",-1.68752735505929,4
"8404","VILLAS DE ZALATITAN","tonala",0.591510742660004,15
"8467","LOS CIRUELOS","tlajomulco",-0.480353903484073,5
"8513","CHAPALITA DE OCCIDENTE","zapopan",-1.93055809534673,4
"8637","DEL PILAR RESIDENCIAL","tlajomulco",0.819624126350333,1
"8729","RINCONADA DE SANTA RITA","guadalajara",-1.54050797578058,4
"8839","LAS FUENTES","zapopan",-1.42454695990355,7
"8943","LOMAS DE SAN GONZALO","zapopan",-0.793219505759091,23
"9065","CHAPALITA LAS FUENTES","zapopan",-1.6228014432382,14
"9075","VILLAS DEL MARQUEZ","zapopan",-0.259225143694888,6
"9083","LA AURORA","zapopan",-0.645225441639635,5
"9085","LA MEZQUITERA","tlaq",0.488725793682629,8
"9288","VILLAS TORREMOLINOS","zapopan",-0.299604393302053,6
"9302","SENDERO DEL VALLE","tlajomulco",1.35430540833476,11
"9339","BRISAS DE CHAPALA","tlaq",0.60812491252355,21
"9349","SAN BERNARDO","guadalajara",-0.806901160178163,7
"9370","ALTAMIRA","zapopan",-1.72755869110199,12
"9508","PRADOS DE SANTA MARIA","tlaq",-1.10012490257607,9
"9604","HACIENDAS DEL SUR","tlajomulco",-0.859660463051224,5
"9637","FIDEL VELAZQUEZ","tonala",2.69058180806745,5
"9688","AURORA","guadalajara",-1.33900041829754,14
"9751","JARDINES DEL SOL","zapopan",-1.98351198482122,16
"9788","BOSQUES DE SAN GONZALO","zapopan",-1.70683701481014,3
"9926","OJO DE AGUA","tlajomulco",-0.960800434716944,5
"10066","CANTEROS","zapopan",1.09667660950191,13
"10096","PRADOS GUADALUPE","zapopan",-2.04348392825093,5
"10131","LOMAS DE GUEVARA","guadalajara",-2.08116028341063,4
"10292","LA HUERTA","zapopan",-0.917187784791378,2
"10342","ALAMO INDUSTRIAL","tlaq",-0.995573191070083,18
"10368","EL DEAN","guadalajara",-0.0769837262676128,16
"10469","LAS PALOMAS","zapopan",-1.86539947651823,2
"10604","LA NORIA","tonala",6.36441014026051,14
"10614","PRADOS DEL NILO","tlaq",-1.26550352082025,10
"10718","RESIDENCIAL DE LA CRUZ","guadalajara",-1.5661978142368,2
"10752","LAS PIEDROTAS","guadalajara",-0.765812455809234,4
"10805","LAS BOBEDAS","zapopan",0.172765853066176,8
"11024","REFORMA","guadalajara",-0.536670402536788,2
"11055","ARBOLADA BOSQUES DE SANTA ANITA","tlajomulco",-1.7936090341238,1
"11314","LOS CONEJOS","tonala",-0.818117600446428,1
"11389","LA LADRILLERA","tonala",7.29226658007127,5
"11446","CAMICHINES III","tonala",1.42148274523514,3
"11486","COLINAS DE SAN JAVIER","zapopan",-2.02773829422924,4
"11533","VALLES DE NUEVO MEXICO","zapopan",-1.06235939139118,3
"11561","LA JOYA","zapopan",-2.20709200536286,5
"11582","COLINAS DE LAS AGUILAS","zapopan",-1.08709041228307,4
"11585","MOCTEZUMA","zapopan",-1.19398651946275,4
"11612","JARDINES DE TONALA","tonala",0.915807590641673,15
"11756","JARDINES EL SAUZ","guadalajara",-1.11779081329021,2
"12120","URBIQUINTA MONTECARLO","tonala",-0.388397633861714,8
"12127","AGUA BLANCA SUR","zapopan",0.0201631170458546,18
"12143","LA HUERTA","guadalajara",0.328142753353194,21
"12148","JARDINES DEL ROSARIO","tonala",-0.222619714497407,6
"12152","PASEOS DE LA HACIENDA","tlajomulco",-0.492026488884436,9
"12178","GUADALAJARITA","zapopan",-1.3067788459482,3
"12272","ATEMAJAC","guadalajara",-1.06727964978533,5
"12357","CAMPO SUR","tlajomulco",-0.684183478151595,8
"12389","LOMAS UNIVERSIDAD","zapopan",-1.52497289480748,30
"12410","LA CASTILLA","zapopan",-1.08982272867038,1
"12674","PUERTAS DEL ANGEL","tlajomulco",-1.39884270145525,2
"12729","TEPOPOTE","guadalajara",-1.12424564401524,5
"13027","LOMAS DEL SUR","guadalajara",-1.31927781236977,8
"13037","VALLARTA LA PATRIA","zapopan",-1.98826702961559,3
"13051","VALLARTA NORTE","guadalajara",-1.7069209809056,3
"13059","JARDINES DEL ZAPOTE","tlajomulco",0.795285261476036,1
"13323","LAS FLORES","tlajomulco",0.0253845580887686,3
"13374","LOMAS DEL VALLE","zapopan",-1.82975545110318,9
"13375","HACIENDA DEL TEPEYAC","zapopan",-1.47848752808609,8
"13406","RINCONADA DEL BOSQUE","guadalajara",-1.65478968710546,2
"13685","PASEOS UNIVERSIDAD","zapopan",-0.870211625326262,13
"13694","LA LADRILLERA","tlaq",1.28133509198129,3
"13726","VALLE DE TLAJOMULCO","tlajomulco",0.852111909903085,6
"13780","PASEOS DE TONALA","tonala",3.82486369089564,8
"13839","REAL","guadalajara",-0.382570743962589,3
"13847","LOS PUESTOS","tonala",2.75650443211764,3
"14116","EL MIRADOR","tlaq",3.20252948733609,11
"14374","LOMAS ALTAS","zapopan",-1.88688601429267,13
"14381","TONALTECAS I","tonala",-0.642959782714091,1
"14473","JARDINES DE TLAJOMULCO","tlajomulco",0.210288819819104,1
"14667","VILLA CALIFORNIA","tlajomulco",0.0555183306576053,9
"14762","VALLE ESMERALDA","zapopan",-1.54973846807715,3
"14828","27 DE SEPTIEMBRE","zapopan",-0.188302494722694,4
"14934","SOLIDARIDAD","tlaq",1.79384208192539,8
"15012","ALTAVISTA","guadalajara",-0.916981867475513,2
"15387","REVOLUCION","guadalajara",-0.945409379523843,15
"15409","PASEO PUENTE VIEJO","tonala",0.746760572254674,14
"15589","COUNTRY CLUB","guadalajara",-1.83430694122288,3
"15777","LA VICTORIA","tlajomulco",-0.469644570551578,8
"15785","LOMAS DEL VERGEL","zapopan",1.51870150729496,2
"15932","VALLE DE LAS HERAS","tlaq",-0.788118762590895,7
"15943","BANUS","tlajomulco",-1.16979365769402,7
"15950","TONALA","tonala",0.774502266443564,24
"15962","BALCONES DEL SOL","tonala",3.64273213434914,4
"16060","LA TIJERA","tlaq",2.56008306308192,5
"16099","CHAPALITA SUR","zapopan",-1.89360440665069,5
"16120","BARRERA","guadalajara",-2.09901909702387,2
"16215","VALLARTA SUR","guadalajara",-1.5369907538555,4
"16518","LA ASUNCION","tlaq",-0.25099620094137,4
"16621","LOMAS DE SAN MIGUEL","tonala",-0.0588613757361923,3
"16736","GUADALUPE JARDIN","zapopan",-1.95542709757479,3
"16986","VALLARTA UNIVERSIDAD","zapopan",-1.46190678440229,8
"17193","JARDINES DE LA VICTORIA","guadalajara",0.174555182677189,1
"17237","BALCONES DEL ROSARIO","tonala",1.07469687368806,6
"17369","SAN ELIAS","guadalajara",-1.29914891964799,3
"17395","LOMAS DE GUADALUPE","zapopan",-1.70043377089047,2
"17420","LOS ANGELES","zapopan",4.97246139448438,2
"17450","EL JAGUEY","guadalajara",1.27836605540305,1
"17525","LA SOLEDAD","zapopan",1.41382960306955,3
"17606","VILLAS BELENES","zapopan",-1.53847350817171,6
"17703","PRADERAS DE LA ALAMEDA","tlajomulco",0.277957127490431,3
"17710","VILLAS VALLARTA","zapopan",-1.83577940816787,6
"17787","BELLAVISTA","tonala",2.16033739829464,2
"17795","MISION SAN FRANCISCO II","tonala",-0.09794326024006,5
"17985","JARDINES DE SANTA ANITA","tlajomulco",-0.343163294313392,2
"18252","REVOLUCION","tlaq",-1.38885734600363,1
"18769","EL TIZATE","zapopan",3.88794378598876,8
"18807","LA PERIQUERA","zapopan",0.856998578421577,3
"18982","VIVEROS DEL VALLE","zapopan",-1.48969911649565,2
"19668","HEROES DE NACOZARI","tlajomulco",0.115910129365574,1
"19773","GONZALEZ ORTEGA","zapopan",-1.47477254867073,1
"20052","LOMAS DEL COUNTRY","guadalajara",-2.09910330214016,4
"20155","FELIPE ANGELES","tlaq",2.29227627847289,4
"20262","CONSTITUYENTES","zapopan",-0.518137050225906,5
"20264","JARDINES ATEMAJAC","guadalajara",-1.55150361304612,2
"20386","RINCONADA DE LA ARBOLEDA","guadalajara",-1.21578058778445,2
"20705","LEYES DE REFORMA","tonala",3.0400339535804,11
"20783","VILLAS DE LA PRIMAVERA","zapopan",-0.355919459277696,8
"20893","LA GRANJA","zapopan",3.10101936161509,12
"21094","URBIVILLA DEL RIO","tonala",0.28018731710444,1
"21322","HACIENDA DEL VALLE","zapopan",-0.982161199208206,8
"21776","LA GIGANTERA","tlaq",-0.231419940269044,2
"22261","TEPEYAC CASINO","zapopan",-1.77255667024822,1
"22292","LAS PALMAS","zapopan",-0.303137026873799,3
"22385","VILLA UNIVERSITARIA","zapopan",-1.81203932054684,5
"22963","HACIENDA LOS FRESNOS II","tlajomulco",0.816216808179921,4
"23004","PUESTA DEL SOL","tonala",1.81678761778383,8
"23064","CANTERA MORADA","zapopan",0.840541241042345,1
"23562","JARDINES DE SAN GONZALO","zapopan",2.11185188501552,2
"23656","JOSE VASCONCELOS","tonala",3.8306660425049,2
"23691","PUERTA DEL ROSARIO","tonala",-0.0786952513898487,3
"23706","LAS ARBOLEDAS","zapopan",-1.90518297705111,5
"23901","PASEOS DEL LAGO","tlaq",1.07936383573001,3
"23910","EL SAUZ","tonala",5.22261728747959,3
"24555","ATLAS PONIENTE","guadalajara",-1.05212652609082,2
"24637","VILLAS DE LA CANTERA","guadalajara",1.56897905666849,3
"25182","RESIDENCIAL DEL VALLE","zapopan",-1.86135666550567,3
"25420","LA PERLA","tlajomulco",1.24580439410327,2
"25453","EL RECODO","tonala",1.45305338023671,4
"26025","DEL FRESNO","zapopan",1.87218537657884,2
"26558","LA CANTERA","guadalajara",-0.325644123005096,2
"26823","SAN LUCAS EVANGELISTA","tlajomulco",2.07156374925876,4
"26906","DEMETRIO VALLEJO","tonala",2.95910560502351,1
"26961","MEXICO","zapopan",-1.83721460206992,3
"27107","LA MESA COLORADA PONIENTE","zapopan",2.67618518863487,2
"27693","LOPEZ COTILLA","tlaq",1.15862705321932,2
"28069","HACIENDA LA NORIA","tlajomulco",1.36298762016491,5
"28173","LAS FLORES","tlaq",1.6345690098865,1
"28651","CASA BLANCA","tlajomulco",2.49733039991115,3
"28894","JARDINES SEATTLE","zapopan",-1.20362735123472,3
"29117","EL CARACOL","tonala",1.41878366523054,2
"29490","VILLA BONITA","zapopan",1.55932058611449,2
"30065","CONCHITAS","tonala",5.1992623555674,1
"30809","RANCHO SAN JOSE DEL TAJO","tlajomulco",-0.670411169247172,1
"31150","LOS OCAMPO","tlajomulco",0.987443446534345,5
"31308","BOSQUE DEL CENTINELA II","zapopan",-1.19416339728176,1
"31365","VILLAS DEL BOSQUE","tonala",2.77233041520285,1
"31835","CAMPO DE POLO CHAPALITA","guadalajara",-1.91135661507403,1
"31999","LAFAYETTE","guadalajara",-1.83383948537271,5
"32081","LOS PERIODISTAS","zapopan",1.47623833622991,1
"32109","PARQUE SAN PEDRO","guadalajara",-2.09297485515973,3
"32172","COLINAS DE SAN CARLOS","tonala",2.15320602609187,5
"32325","PATRIA","tlajomulco",1.32996272809997,2
"32628","LA PROVIDENCIA","tlajomulco",0.733913564031541,4
"32640","LOS PINOS","tonala",-0.421507710652653,4
"33194","DON BOSCO VALLARTA","zapopan",-1.73011225902785,7
"34327","EL TIGRE","zapopan",2.38083286457146,3
"34431","LA MICAILITA","tlaq",1.49169937243214,2
"36272","ESMERALDA","tlajomulco",3.3573017149086,1
"36425","ARBOLEDA","zapopan",-1.19233388267405,1
"36869","LOS CAMICHINES II","tonala",0.755858603150416,1
"37148","ALAMEDAS DE TESISTAN","zapopan",-0.0682203829599008,2
"37155","EL REMOLINO","tonala",-0.542802370676249,3
"37244","LOMA BONITA SUR","zapopan",-1.90617284406517,5
"37291","SANTA ISABEL","tlajomulco",0.361079355812199,3
"37580","SILOS","tlajomulco",1.62291403935545,7
"38010","EL CAPULLO","zapopan",-1.89930383767249,5
"38535","ALAMITOS","zapopan",-0.190714613024148,1
"38675","ESTADIO PONIENTE","guadalajara",-1.60398447470379,2
"39602","PUERTA DE HIERRO","zapopan",-1.51313881805858,1
"40244","CHAPALITA ORIENTE","zapopan",-1.96325660431112,1
"40857","COLLI PRIMAVERA","zapopan",-1.444310940486,2
"41282","VERDE VALLE","guadalajara",-1.56576543492276,3
"41319","HACIENDA DE TLAQUEPAQUE","tlaq",0.128957811512007,1
"41423","RINCONADA DEL MEZQUITE","tonala",-0.579702808640951,3
"41902","MISION EL CAMPANARIO","tonala",0.0744856267218461,1
"41911","LOMAS DE SAN PEDRO","guadalajara",-0.649176793056396,2
"42866","LA TUZANIA EJIDAL","zapopan",-0.550797950263016,1
"42874","NUEVO SAN MIGUEL","tlajomulco",0.540131492038271,1
"42900","VISTA DEL PINAR","zapopan",-1.48828035634051,1
"44006","CERRO DEL TESORO","zapopan",-1.36853774869223,2
"45198","LAS HUERTAS","tonala",1.02840479179258,1
"45234","LOMA DORADA DELEGACION B","tonala",-0.481711727450718,1
"45725","JAVIER MINA","guadalajara",-0.0607764307221546,1
"45789","EL MANTE","tlaq",-0.205597884275073,1
"45801","SANTA ISABEL","zapopan",-2.03078837789518,2
"46178","CERRO DEL JAGUEY","tlaq",1.7989183093978,3
"46274","EL CENTINELA","zapopan",0.31925040247438,3
"47336","EL MANANTIAL","tonala",2.14151505544198,1
"47829","SAN JORGE","guadalajara",-2.32454540380804,1
"49768","CUMBRES","tlajomulco",0.968498610301847,3
"50984","STA CATALINA","zapopan",-1.62845759594249,1
"51240","FRAY ANTONIO ALCALDE","guadalajara",-1.39443239341107,1
"51484","COLINAS DE LA CRUZ","tonala",0.610457210682804,2
"51642","JARDINES DE LA PAZ NORTE","guadalajara",-1.50177562360455,1
"52275","LOMAS DE TONALA","tonala",1.3087211692184,3
"52465","ANTIGUA PENAL DE OBLATOS","guadalajara",0.112426135269833,2
"53754","SANTA ELENA ALCALDE ORIENTE","guadalajara",-1.31976161571037,1
"55026","SAN FRANCISCO","tlaq",0.324559358836304,1
"55337","ALTOS ORIENTE","tlaq",-0.0257297164504326,2
"56587","SAN JOSE DEL TAJO","tlajomulco",-1.20506347000417,2
"56636","SAN MIGUEL DE LA COLINA","zapopan",-2.4367502077868,1
"57437","RINCONADA DE SAN SEBASTIAN","tlajomulco",-0.469163874783235,2
"58633","LOMAS DEL SALTO","tonala",2.17289098877594,1
"59976","LAS CUMBRES","zapopan",-1.19818139607934,1
"60110","LOS ALMENDROS","tlaq",-1.35709173127505,1
"60161","AMERICANA ORIENTE","guadalajara",-0.768244698428401,1
"61212","LA COLADERA","tlajomulco",2.71958084937418,2
"61548","ARCOS DE ZALATITAN II","tonala",1.15081482659027,3
"62168","ARCOS VALLARTA SUR","guadalajara",-2.16081443316915,1
"62176","LOS MEZQUITES","tlajomulco",-0.777519897071472,1
"62515","LA PATRIA UNIVERSIDAD","zapopan",-2.04259826578598,1
"63079","JACARANDAS","zapopan",-2.16146418191334,2
"63610","MOCTEZUMA PTE","zapopan",-0.903700920652665,2
"63647","MISION SAN FRANCISCO III","tonala",0.262634556953157,2
"64309","OBELISCOS","guadalajara",0.530121543848486,1
"64745","BENITO JUAREZ NORTE","zapopan",1.5888699777886,1
"65016","AMPARO DE DIOS","guadalajara",-1.07311448257958,1
"65620","BELLAVISTA","zapopan",-1.13135935204057,1
"66109","HACIENDA CASA FUERTE","tlajomulco",-1.05382087637079,1
"66446","EL PEDREGAL","tonala",0.570205724972755,1
"68328","LA GUADALUPANA","tonala",4.22998242656748,2
"68949","LAS FLORES","zapopan",-1.66859232029077,1
"69740","BUGAMBILIAS COUNTRY","zapopan",-2.23940462766158,1
"70836","TERRANOVA","guadalajara",-2.4580239156572,2
"70888","FIDEL VELAZQUEZ","guadalajara",-1.4824376570457,1
"71179","CD BUGAMBILIAS","zapopan",-1.78969534173772,1
"72567","LA AURORA","tlaq",3.0259826163673,1
"74085","HACIENDAS LA CANDELARIA","tlaq",-0.435227699762901,1
"74562","ETAPA 7","tlajomulco",1.37042054181681,1
"75577","VERSALLES","guadalajara",-0.519491413986995,1
"76185","VALLE DE LA PRIMAVERA","guadalajara",-0.85636183098688,1
"76446","EL ZAPOTE","tlajomulco",1.24113202081809,2
"77361","RESIDENCIAL DEL PARQUE","guadalajara",-0.436118192108709,1
"77473","ALDRETE","guadalajara",-2.36074623006604,1
"78767","LA CANTERA","zapopan",-1.50907650193684,1
"79683","EL SANTUARIO","guadalajara",-1.01175866879723,1
