"","Colonia","Municipio","Ind. Marg."
"1","18 DE MARZO","guadalajara",-1.45392018922376
"2","1o. DE MAYO","guadalajara",-0.360924109139885
"3","8 DE JULIO","guadalajara",-1.46377985030083
"4","ARANDAS","guadalajara",-0.979084871010199
"5","ARCOS VALLARTA","guadalajara",-1.09393665518652
"6","ARTESANOS","guadalajara",-1.18230832478022
"7","ATLAS","guadalajara",-0.7041083678257
"8","AUTOCINEMA","guadalajara",-1.06544785639093
"9","AYUNTAMIENTO","guadalajara",-1.75145567391954
"10","BALCONES DEL CUATRO","guadalajara",0.564855748987193
"11","BOSQUES DE LA VICTORIA","guadalajara",-1.60347598120745
"12","BOSQUES DEL BOULEVARD","guadalajara",-1.42255820995146
"13","CANTARRANAS","guadalajara",-0.114856519286094
"14","CENTRO","guadalajara",-0.641073225146309
"15","CHAPALITA","guadalajara",-1.90053063925735
"16","CHAPULTEPEC COUNTRY","guadalajara",-1.52491642694599
"17","COLINAS DE LA NORMAL","guadalajara",-1.53953084969189
"18","COLINAS DE SAN JAVIER","guadalajara",-2.01056954368011
"19","COLOMOS PROVIDENCIA","guadalajara",-2.04672525658094
"21","COUNTRY CLUB","guadalajara",-1.83430694122288
"22","DEL FRESNO","guadalajara",-0.342280656442694
"23","DEL PERIODISTA","guadalajara",-1.53246050094141
"24","DEL SUR","guadalajara",-0.504507821283206
"25","EL CARMEN","guadalajara",0.639271371628908
"26","EL DEAN","guadalajara",-0.0769837262676128
"27","EL JAGUEY","guadalajara",1.27836605540305
"28","EL MANANTIAL","guadalajara",-1.4184336156472
"29","EL RETIRO","guadalajara",-0.682178551116434
"30","EL ROSARIO","guadalajara",-1.25923825342922
"31","EL SAUZ","guadalajara",-0.67860814218674
"32","EL ZALATE","guadalajara",-0.69333901109257
"33","ELECTRICISTAS","guadalajara",-1.46740189699109
"34","EMILIANO ZAPATA","guadalajara",0.167619804206472
"35","FEDERALISMO","guadalajara",-0.317635849828267
"36","FERROCARRIL","guadalajara",0.850932786648852
"37","FOVISSSTE ESTADIO","guadalajara",-1.39003042969902
"38","FRANCISCO VILLA","guadalajara",0.231663157612394
"39","HIGUERILLAS","guadalajara",-0.610215118811048
"40","INDEPENDENCIA","guadalajara",-1.54587523371926
"41","INSURGENTES","guadalajara",0.0569995346294683
"42","ITALIA PROVIDENCIA","guadalajara",-1.78855259056905
"43","JARDINES ALCALDE","guadalajara",-1.73259090471809
"44","JARDINES DE GUADALUPE","guadalajara",0.058220152530185
"45","JARDINES DE LA BARRANCA","guadalajara",0.460272737998103
"46","JARDINES DE LA PAZ","guadalajara",-1.28604700371032
"47","JARDINES DE LOS ARCOS","guadalajara",-1.63085427315731
"48","JARDINES DE SANTA ISABEL","guadalajara",-0.731037374104586
"49","JARDINES DEL BOSQUE","guadalajara",-1.81089491906427
"50","JARDINES DEL COUNTRY","guadalajara",-1.8133088498792
"51","JARDINES DEL ROSARIO","guadalajara",-1.52806852047422
"52","JARDINES DEL SUR","guadalajara",-1.28573613415691
"53","JUAN MANUEL","guadalajara",-2.21562782941978
"54","LA AURORA","guadalajara",-0.343845881338276
"55","LA JOYA","guadalajara",-0.618658349851819
"56","LA JOYITA","guadalajara",0.463829441716438
"57","LA LOMA","guadalajara",-0.717122439644786
"58","LA NOGALERA","guadalajara",-0.546678636794914
"59","LA PAZ","guadalajara",-0.524792743920319
"60","LA PERLA","guadalajara",-0.32883064872084
"61","LAS CONCHAS","guadalajara",0.313491292550375
"62","LAS HUERTAS","guadalajara",0.00279797859727702
"63","LAS TORRES","guadalajara",-1.15197501277002
"64","LIBERTAD","guadalajara",-0.181194150621969
"65","LOMA LINDA","guadalajara",1.0625642759747
"66","LOMAS DE GUEVARA","guadalajara",-2.08116028341063
"67","LOMAS DE POLANCO","guadalajara",-0.123608953107157
"68","LOMAS DE SAN EUGENIO","guadalajara",-0.0857154146562911
"69","LOMAS DE SAN PEDRO","guadalajara",-0.649176793056396
"70","LOMAS DEL PARADERO","guadalajara",-0.436444525695447
"71","LOMAS DEL PEDREGAL","guadalajara",1.03293896578433
"72","LOMAS INDEPENDENCIA","guadalajara",-0.428845010661015
"73","LOS COLORINES","guadalajara",0.271389163506978
"74","MEDRANO","guadalajara",0.381006327133794
"75","MIRAFLORES","guadalajara",-1.81293303391935
"76","MONRAZ","guadalajara",-1.89212412963148
"77","MONUMENTAL","guadalajara",-1.34172360924473
"78","MORELOS","guadalajara",-0.739616373485387
"79","OBELISCOS","guadalajara",0.530121543848486
"80","OBLATOS","guadalajara",0.169794275437156
"81","OBRERA","guadalajara",-1.71066826241829
"82","OBSERVATORIO","guadalajara",-1.602880197186
"83","PRADOS DEL NILO","guadalajara",-0.413937491838117
"84","PRADOS PROVIDENCIA","guadalajara",-1.99217555825025
"85","PROGRESO","guadalajara",-0.155179492696294
"86","QUINTA VELARDE","guadalajara",-1.05788289880939
"87","RANCHO BLANCO","guadalajara",-0.645604204713381
"88","RANCHO NUEVO","guadalajara",0.269700656691831
"89","REAL","guadalajara",-0.382570743962589
"90","REFORMA","guadalajara",-0.536670402536788
"91","RESIDENCIAL DE LA BARRANCA","guadalajara",-0.230615542177027
"92","REVOLUCIONARIA","guadalajara",0.241543831266462
"93","SAN ANTONIO","guadalajara",0.0827190613783165
"94","SAN BERNARDO","guadalajara",-0.806901160178163
"95","SAN CARLOS","guadalajara",0.0142925551942253
"96","SAN JUAN BOSCO","guadalajara",-0.278355215001782
"97","SAN JUAN DE DIOS","guadalajara",1.14196506653191
"98","SAN RAFAEL","guadalajara",-1.12999690852701
"99","SAN VICENTE","guadalajara",-0.283374745093236
"100","SANTA ELENA ALCALDE","guadalajara",-1.6410540073548
"101","SANTA ELENA ESTADIO","guadalajara",-1.45839377575436
"102","SANTA ROSA","guadalajara",0.0686869054098332
"103","SUTAJ","guadalajara",-1.17433698001998
"104","TERRANOVA","guadalajara",-2.4580239156572
"105","UNIVERSITARIA","guadalajara",-0.899533211489034
"106","VALLARTA NORTE","guadalajara",-1.7069209809056
"107","VALLARTA PONIENTE","guadalajara",-1.82372942131636
"108","VALLARTA SAN JORGE","guadalajara",-1.7710187697617
"109","VERDE VALLE","guadalajara",-1.56576543492276
"110","VICENTE GUERRERO","guadalajara",-1.80674339021455
"111","VICTORIA","guadalajara",-1.7606904428161
"112","VILLAS DE SAN JUAN","guadalajara",-1.47342083013786
"113","VISTAS DEL NILO","guadalajara",-0.467989488197904
"114","ZONA INDUSTRIAL","guadalajara",-1.75994343614932
"116","VILLASEÑOR","guadalajara",-0.958966046396548
"117","VICENTE GUERRERO II","guadalajara",-1.55700923876597
"118","NUEVA ESPAÑA","guadalajara",0.918150509315146
"119","JARDINES DEL VALLE","guadalajara",-1.2988143241665
"120","SAN FRANCISCO","guadalajara",-0.977762953199272
"121","JARDINES DE SAN IGNACIO","guadalajara",-1.97381077852046
"122","LOMAS DEL VALLE","guadalajara",-1.73292051419845
"123","LA FLORIDA","guadalajara",-0.392592190914652
"124","LOMA BONITA","guadalajara",0.461039132037228
"125","DEL PARQUE","guadalajara",-1.68995031512991
"126","AGRARIA","guadalajara",-2.60216038837355
"127","LA HUERTA","guadalajara",0.328142753353194
"129","LA CANTERA","guadalajara",-0.325644123005096
"130","EL MIRADOR","guadalajara",-1.10373026589449
"131","EL REFUGIO","guadalajara",-0.687381797372115
"132","VILLAS DE GUADALUPE","guadalajara",0.580935268833098
"133","PATRIA","guadalajara",0.403544767022204
"134","LOMAS DEL SUR","guadalajara",-1.31927781236977
"135","LOMAS DEL COUNTRY","guadalajara",-2.09910330214016
"136","PARQUE ÁVILA CAMACHO","guadalajara",-1.18242756361319
"137","COUNTRY PLAZA","guadalajara",-2.83845938359996
"138","PLAZA COUNTRY","guadalajara",-2.41773146046485
"139","IMPULSORA CIRCUNVALACIÓN","guadalajara",-2.04717805686808
"140","SAN MIGUEL DE MEZQUITÁN","guadalajara",-1.02147969764172
"141","GUADALUPANA","guadalajara",-1.08754638717447
"142","JARDINES ATEMAJAC","guadalajara",-1.55150361304612
"143","FIDEL VELÁZQUEZ","guadalajara",-1.4824376570457
"144","SANTA ELENA ALCALDE PONIENTE","guadalajara",-1.04504320315667
"145","ATEMAJAC","guadalajara",-1.06727964978533
"146","INSTITUTO DE BIENESTAR SOCIAL (ENRIQUE DÍAZ DE LEÓN)","guadalajara",-2.63522133020108
"147","SANTA ELENA ALCALDE ORIENTE","guadalajara",-1.31976161571037
"148","TRÁNSITO","guadalajara",-1.33042194510427
"149","SANTA ELENA DE LA CRUZ 1a. SECCIÓN","guadalajara",-0.135792133756792
"150","SAN ELÍAS","guadalajara",-1.29914891964799
"151","IBARRA Y MOLDOOM","guadalajara",-1.98568852830225
"152","ALTAMIRANO","guadalajara",-2.59132934532564
"153","VILLAS DE SAN JUAN (UH)","guadalajara",-0.880388035256146
"154","VILLAS DE SAN JUAN 1a. SECCIÓN","guadalajara",-1.35045288141994
"155","LA FEDERACHA","guadalajara",0.286879568841109
"156","LA ESPERANZA","guadalajara",0.225984058187817
"157","PANTEÓN","guadalajara",0.088463638351424
"158","MARGARITA MAZA DE JUÁREZ","guadalajara",-1.22333802774564
"159","SANTA CECILIA 1a. SECCIÓN","guadalajara",0.437786338535618
"160","SANTA CECILIA 2a. SECCIÓN","guadalajara",0.633958006195923
"161","SANTA CECILIA 3a. SECCIÓN","guadalajara",0.20085284375944
"162","PROVIDENCIA 4a. SECCIÓN (AMPLIACIÓN)","guadalajara",-1.69884672861082
"163","APARTAMENTOS ACUEDUCTO","guadalajara",-1.97925772591148
"164","INMOBILIARIA COLOMOS","guadalajara",-2.25070063359023
"165","PROVIDENCIA 3a. SECCIÓN","guadalajara",-1.92486216235373
"166","PROVIDENCIA 2a. SECCIÓN","guadalajara",-2.14192128694547
"167","PROVIDENCIA 3a. SECCIÓN (AMPLIACIÓN)","guadalajara",-1.98744065223695
"168","PALOMERA COLOMOS","guadalajara",-2.29827632867346
"169","ALDRETE","guadalajara",-2.36074623006604
"170","JARDINES DE PROVIDENCIA","guadalajara",-0.790539884092175
"171","PROVIDENCIA 1a. SECCIÓN","guadalajara",0.260415410562909
"172","NIÑOS HÉROES","guadalajara",-0.769704292719577
"173","BARRANQUITAS MEZQUITÁN","guadalajara",-0.540915631340228
"174","INMOBILIARIA COLOMOS ""R""","guadalajara",-2.41359337870003
"175","LOS COLOMOS","guadalajara",-1.67369547344594
"176","DE MEZQUITÁN","guadalajara",-0.467251544271475
"177","GODOY LUNA","guadalajara",-2.06603494275861
"178","INDEPENDENCIA PONIENTE","guadalajara",-1.17824658200788
"179","BARRANQUITAS","guadalajara",-1.07512546823013
"180","BELISARIO DOMÍNGUEZ","guadalajara",-0.384189702420755
"181","BELISARIO DOMÍNGUEZ (UH)","guadalajara",0.230478514915894
"182","SAN MARCOS PONIENTE","guadalajara",0.315847613676507
"183","SAN MARCOS ORIENTE","guadalajara",-0.208009369518885
"184","BELISARIO EXCEDENCIA","guadalajara",-0.727046624263945
"185","CIRCUNVALACIÓN BELISARIO","guadalajara",-0.433109832722094
"186","SAN MARTÍN 2a. Y 3a. SECCIÓN","guadalajara",0.31318478202873
"187","GUADALAJARA ORIENTE","guadalajara",-0.473495869622246
"188","OBLATOS (ANEXO)","guadalajara",-0.498333022784926
"189","RÍO VERDE OBLATOS","guadalajara",-0.472885555562667
"190","OBLATOS 1a. SECCIÓN","guadalajara",0.0129407643092324
"191","MONRAZ (AMPLIACIÓN)","guadalajara",-1.46485659492199
"193","RINCONADA DE SANTA RITA","guadalajara",-1.54050797578058
"195","EULOGIO PARRA (IRREGULAR)","guadalajara",-2.17582516620611
"196","PROVIDENCIA 4a. SECCIÓN","guadalajara",-1.96475754483249
"197","JESÚS GARCÍA","guadalajara",-1.91664145733921
"198","HACENDARIOS","guadalajara",-1.90417393776447
"199","ITALIA","guadalajara",-1.69442572910543
"200","BECERRA","guadalajara",-1.87349516117567
"201","VERACRUZ","guadalajara",-2.04746026508455
"202","MEZQUITÁN COUNTRY","guadalajara",-1.57845155212194
"203","MEZQUITÁN","guadalajara",-0.258096570798324
"204","SAGRADA FAMILIA","guadalajara",-0.928057251747139
"206","INDEPENDENCIA SUR","guadalajara",-1.08865433772752
"207","INDEPENDENCIA ORIENTE 2a. SECCIÓN","guadalajara",-1.84037235613624
"208","INDEPENDENCIA ORIENTE 3a. SECCIÓN","guadalajara",-1.0788295999516
"209","HOGARES GUADALAJARA","guadalajara",-1.54095368560703
"210","SAN RAMÓN (IRREGULAR)","guadalajara",-0.236769558385635
"211","SANTA MARÍA","guadalajara",-0.0407939426754812
"212","TALPITA PONIENTE","guadalajara",-0.537619263810561
"213","TALPITA ORIENTE","guadalajara",-0.304322039465569
"214","CIRCUNVALACIÓN OBLATOS","guadalajara",-0.99629093540785
"215","SAN MARTÍN (IRREGULAR)","guadalajara",0.131158346266812
"216","POPULAR SAN MARTÍN","guadalajara",-0.340336388251552
"217","BLANCO Y CUELLAR 1a. SECCIÓN","guadalajara",-0.451539091711759
"218","BLANCO Y CUELLAR 3a. SECCIÓN","guadalajara",-0.180834330945837
"219","OBLATOS 2a. SECCIÓN","guadalajara",0.584023976381489
"220","SAN MARTÍN (ANEXO)","guadalajara",0.504429806523284
"221","OBLATOS 3a. SECCIÓN","guadalajara",-0.0407385138388985
"222","BALCONES DE OBLATOS 1a. SECCIÓN","guadalajara",1.25717722315527
"223","EX HACIENDA DE OBLATOS","guadalajara",-0.866430077161027
"224","SAN ISIDRO","guadalajara",-0.0330790501455025
"225","BALCONES DE OBLATOS 2a. SECCIÓN","guadalajara",0.662597539224919
"226","SAN EUGENIO","guadalajara",-0.9105631871849
"227","CIRCUNVALACIÓN","guadalajara",-2.40034891206888
"228","ROJAS LADRÓN DE GUEVARA","guadalajara",-2.06864404388152
"229","LAS AMÉRICAS","guadalajara",-1.84845225903385
"230","LADRÓN DE GUEVARA","guadalajara",-1.88466281740405
"231","CAPILLA DE JESÚS","guadalajara",-1.00721538354871
"232","EL SANTUARIO","guadalajara",-1.01175866879723
"233","SANTUARIO 2a. SECCIÓN","guadalajara",-0.747453271048029
"234","SAN JORGE","guadalajara",-2.32454540380804
"235","ALCARAZ","guadalajara",-0.801369028124728
"236","TIVOLI","guadalajara",-1.04520152447977
"237","LA PERLA ZONA 5","guadalajara",-0.509404405592592
"238","BLANCO Y CUELLAR 2a. SECCIÓN","guadalajara",0.518922469771552
"239","SAN LUCAS","guadalajara",-2.02524327667915
"240","ARCOS VALLARTA 2a. SECCIÓN","guadalajara",-1.82814772351308
"241","SANTA TERESITA","guadalajara",-0.96344859454189
"242","LAFAYETTE","guadalajara",-1.83383948537271
"243","AMERICANA PONIENTE","guadalajara",-1.49485366113678
"244","AMERICANA ORIENTE","guadalajara",-0.768244698428401
"245","SAGRADO CORAZÓN","guadalajara",-0.251901451576471
"246","GENERAL REAL (IRREGULAR)","guadalajara",-0.562342127356755
"247","SAN FELIPE","guadalajara",-0.450905431692914
"248","LA NATIVIDAD","guadalajara",0.0175889239141069
"249","ANTIGUA PENAL DE OBLATOS","guadalajara",0.112426135269833
"250","MORENO PADILLA","guadalajara",-0.942507601052974
"251","ESTEBAN ALATORRE","guadalajara",0.215678231119742
"252","POTRERO ALTO","guadalajara",0.846455067707829
"253","INDUSTRIAS","guadalajara",-0.512258184412465
"254","LOS MÁRTIRES","guadalajara",-0.210708085738051
"255","LOS HORNOS (LOS CAÑOS)","guadalajara",0.0425883539715692
"256","BARAJAS VILLASEÑOR","guadalajara",-0.422852063919364
"257","LAGOS DE ORIENTE","guadalajara",0.625011313258559
"258","AGUSTÍN YÁÑEZ","guadalajara",0.407927892007595
"259","HERMOSA PROVINCIA","guadalajara",1.22637609647361
"260","LAGOS DE ORIENTE (ANEXO)","guadalajara",0.522813709593914
"261","JARDINES DE SAN FRANCISCO","guadalajara",-0.0330383298931985
"262","HABITAT 2001","guadalajara",0.233241603891761
"263","TETLÁN","guadalajara",1.20822948659551
"264","SIN NOMBRE DE COLONIA 1","guadalajara",1.70702190485453
"265","ARCOS SUR","guadalajara",-1.68297192671732
"266","ARCOS VALLARTA SUR","guadalajara",-2.16081443316915
"267","BARRERA","guadalajara",-2.09901909702387
"268","ORO","guadalajara",-1.007608389119
"269","GENERAL REAL","guadalajara",0.127583770603727
"270","EL PORVENIR","guadalajara",-0.307057462475847
"271","VILLASEÑOR (UH)","guadalajara",-0.47849018424673
"272","LAGUNILLAS (PENSIONES DEL ESTADO)","guadalajara",-0.644023003512132
"273","VALLE DE LA PRIMAVERA","guadalajara",-0.85636183098688
"274","RINCONADA SAN ANDRÉS PONIENTE","guadalajara",-1.24649016252074
"275","EL PORVENIR (UH)","guadalajara",-1.04520381958913
"276","SANTOS DEGOLLADO","guadalajara",-0.95620781292617
"277","SANTA MARÍA DEL SILO","guadalajara",-0.092753854362553
"278","RINCONADA SAN ANDRÉS","guadalajara",-1.04492453802399
"279","SAN ANDRÉS 3a. SECCIÓN (ANEXO)","guadalajara",-0.521788543089086
"281","CAMPO DE POLO CHAPALITA","guadalajara",-1.91135661507403
"282","JARDINES DEL BOSQUE CENTRO","guadalajara",-1.5311969289818
"283","JARDINES DE LOS ARCOS 1a. SECCIÓN","guadalajara",-1.70984176429593
"284","JARDINES DEL BOSQUE NORTE","guadalajara",-1.30824662180921
"285","MODERNA 1a. SECCIÓN","guadalajara",-1.04017090588861
"286","EL MIRADOR (CALZADA)","guadalajara",-1.62846517410082
"287","DE SAN ANTONIO","guadalajara",-1.37214024019594
"288","DE MEXICALTZINGO","guadalajara",-0.740768584827104
"289","DE ANALCO","guadalajara",-0.19287645263926
"290","BARRAGÁN Y HERNÁNDEZ","guadalajara",0.645013403347379
"291","JARERO","guadalajara",-1.34345550945582
"292","LA DIVINA PROVIDENCIA","guadalajara",-0.233742102707916
"293","REVOLUCIÓN","guadalajara",-0.945409379523843
"294","HERNÁNDEZ ROMO","guadalajara",1.1589603308422
"295","HEMUDA","guadalajara",0.667227474772735
"296","SAN ANDRÉS","guadalajara",-0.461016671435443
"297","LOMAS DE REVOLUCIÓN","guadalajara",-0.35341366876774
"298","MEDRANO 1a. Y 2a. SECCIÓN","guadalajara",-0.117233948072812
"299","MAGAÑA (MEDRANO)","guadalajara",-0.597377383259453
"300","CASA AMARILLA","guadalajara",-0.658488816783476
"301","JARDINES DE LA VICTORIA","guadalajara",0.174555182677189
"302","OBREROS DE LA CONSTRUCCIÓN","guadalajara",-1.3644561737747
"303","MERCADO DE ABASTOS","guadalajara",-1.76765848809226
"304","ARREGUI (FRESNO PONIENTE)","guadalajara",0.22813569256717
"305","DEL FRESNO 2a. SECCIÓN","guadalajara",0.479660802038512
"306","MODERNA 2a. SECCIÓN","guadalajara",-0.341782497885228
"307","FERROCARRILES DEL PACÍFICO","guadalajara",-0.916193590794211
"308","AURORA","guadalajara",-1.33900041829754
"310","ATLAS PONIENTE","guadalajara",-1.05212652609082
"311","AMPARO DE DIOS","guadalajara",-1.07311448257958
"312","ELECTRICISTAS (IRREGULAR)","guadalajara",-1.55016579169532
"313","EL HORMIGUERO","guadalajara",-0.647727538869889
"314","JARDINES DE LA PAZ NORTE","guadalajara",-1.50177562360455
"315","JARDINES DE LA PAZ (ANEXO)","guadalajara",-1.19349291271
"316","JARDINES DE LA PAZ SAN RAFAEL","guadalajara",-1.3213568213796
"317","DEL FRESNO ORIENTE","guadalajara",-0.811877000812438
"318","HABITACIÓN POPULAR","guadalajara",-1.53942281251123
"319","TEPOPOTE","guadalajara",-1.12424564401524
"320","DEL SUR (AMPLIACIÓN)","guadalajara",-0.868788967700106
"321","JARDINES DE LA CRUZ 3a. SECCIÓN","guadalajara",-1.42606171697969
"322","COLÓN","guadalajara",-1.40857406944415
"323","UNIDAD DEPORTIVA","guadalajara",-1.07702317548528
"324","VILLAS DE LA CRUZ","guadalajara",-1.40011917999377
"325","JARDINES DE LA CRUZ 1a. SECCIÓN","guadalajara",-1.28473354183602
"326","VILLAS DEL JARDÍN","guadalajara",-1.0689091279247
"327","VALLE DEL ÁLAMO","guadalajara",-1.58405030619121
"329","EL DEAN (OBRERA)","guadalajara",0.056565893863974
"330","EL DEAN (ANEXO)","guadalajara",-0.072546462660885
"331","ZONA FEDERAL (IRREGULAR)","guadalajara",0.952078845261065
"332","MIRADOR EL ÁLAMO (ANEXO)","guadalajara",-1.34502322970274
"333","ATLAS 2a. SECCIÓN","guadalajara",-0.230066497843513
"334","OROZCO","guadalajara",7.784623126259
"336","ÁLAMO INDUSTRIAL","guadalajara",-1.16723564911636
"337","PRADOS DEL NILO II","guadalajara",-1.01355235935232
"338","SANTA EDUWIGES","guadalajara",-0.768281855190653
"339","RESIDENCIAL DE LA CRUZ","guadalajara",-1.5661978142368
"340","LÓPEZ DE LEGASPI","guadalajara",-1.49892720862648
"341","JARDINES DE LA CRUZ 2a. SECCIÓN","guadalajara",-1.42536751163576
"342","COLÓN INDUSTRIAL (ANEXO)","guadalajara",-1.57200540131555
"343","COLÓN INDUSTRIAL","guadalajara",-1.2363253087225
"344","18 DE MARZO (ANEXO)","guadalajara",-0.53043037709473
"345","LÓPEZ PORTILLO 1a. SECCIÓN","guadalajara",-0.373981442210028
"346","HUENTITÁN EL ALTO 3a. SECCIÓN","guadalajara",1.39603535461077
"347","HUENTITÁN EL ALTO 4a. SECCIÓN","guadalajara",1.20388059124061
"349","PANIAGUA SÁNCHEZ DEBORAH","guadalajara",0.219954489391672
"350","COLINAS DE HUENTITÁN","guadalajara",0.482970727058451
"351","EL PARAÍSO RÚSTICO (IRREGULAR)","guadalajara",2.3885406065954
"352","PARQUES DEL ZOOLÓGICO","guadalajara",0.241446607236865
"353","MIRADOR DR. ATL","guadalajara",1.57963128546224
"354","ALTAVISTA","guadalajara",-0.916981867475513
"355","ANTONIO PLAZA","guadalajara",-0.143694222467107
"356","LERMA HUENTITÁN","guadalajara",-0.942869230561733
"357","PLANETARIO","guadalajara",2.83873082720331
"358","EL VERDE (INFONAVIT)","guadalajara",-0.257800103488462
"359","LOMAS DE HUENTITÁN (PERINORTE)","guadalajara",-0.822830938310837
"360","RINCONADA DEL PLANETARIO","guadalajara",-0.239310386995983
"361","PARQUE DE LOS COLOMOS","guadalajara",-2.10630883423956
"362","LOS CAMICHINES","guadalajara",-1.91647030413475
"363","PRADO ALEGRE","guadalajara",-3.05721400562449
"364","EL BETHEL (IRREGULAR)","guadalajara",1.56780305880333
"365","EL BETHEL (EJIDAL)","guadalajara",1.47674677694567
"366","HERMOSA PROVINCIA 2a. SECCIÓN","guadalajara",0.67538543845238
"367","RAMÓN LÓPEZ VELARDE","guadalajara",-0.828273243609728
"368","LOS ARRAYANES (UH)","guadalajara",-1.07595605195435
"369","PABLO VALDÉZ","guadalajara",-1.32235221097411
"370","CONJUNTO PABLO VALDÉZ","guadalajara",-1.0664881863127
"371","RINCONADA DE VALLE","guadalajara",-0.909636277101163
"373","VÍCTOR SAHAGÚN","guadalajara",-1.18047788319139
"374","JUAN DIEGO","guadalajara",-1.48004233223726
"375","JARDINES DE PLAZA DEL SOL","guadalajara",-1.14958614676216
"376","JARDINES DE PLAZA DEL SOL (IRREGULAR)","guadalajara",-1.79774857398252
"377","JARDINES DEL SUR 1a. SECCIÓN","guadalajara",-0.908891113810681
"378","VILLA VICENTE GUERRERO","guadalajara",-0.0403775880138094
"379","JARDINES DE SAN JOSÉ","guadalajara",-1.27138379600938
"380","COLÓN INFONAVIT","guadalajara",-0.996551963325226
"381","ECHEVERRÍA 2a. SECCIÓN","guadalajara",0.257071239473232
"382","ECHEVERRÍA 1a. SECCIÓN","guadalajara",0.158741047064224
"383","VILLAHERMOSA","guadalajara",-0.679900165286082
"384","5 DE MAYO 1a. SECCIÓN","guadalajara",-0.300797647769591
"385","5 DE MAYO 2a. SECCIÓN","guadalajara",-0.337352647562533
"386","LOMAS DEL PARAÍSO 5a. SECCIÓN","guadalajara",1.71583501562266
"387","LOMAS DEL PARAÍSO 4a. SECCIÓN","guadalajara",0.919311930443016
"388","LOMAS DEL PARAÍSO 3a. SECCIÓN","guadalajara",1.06412308812738
"389","ZONA INDUSTRIAL SUR","guadalajara",-0.803577744374318
"390","ECHEVERRÍA 3a. SECCIÓN","guadalajara",-0.0503019672181417
"391","ZONA INDUSTRIAL SUR (I.B.S. 2)","guadalajara",-1.32688148641964
"392","CLEMENTE OROZCO","guadalajara",-1.17509371116965
"393","MIRAVALLE 2a. SECCIÓN","guadalajara",-1.24599418472809
"394","MIRAVALLE 8a. SECCIÓN","guadalajara",-0.418313113001495
"395","MIRAVALLE 6a. SECCIÓN","guadalajara",-0.853851117556432
"396","MIRAVALLE 9a. SECCIÓN","guadalajara",-0.738072230564808
"397","BENITO JUÁREZ (MIRAVALLE)","guadalajara",0.113320294217415
"398","MIRAVALLE 1a. SECCIÓN","guadalajara",-0.0326076759655544
"399","VILLAS DE LA CANTERA","guadalajara",1.56897905666849
"400","VILLAS DE LA CANTERÍA (IRREGULAR)","guadalajara",-0.151229711721556
"401","POPULAR No. 9","guadalajara",-1.92591875518645
"402","BOSQUES DE LA CANTERA","guadalajara",-0.939010669458368
"403","BATALLÓN DE SAN PATRICIO","guadalajara",-1.12870059637571
"404","INFONAVIT ESTADIO ","guadalajara",-0.513133962759408
"405","LOMAS DEL PARAÍSO 1a. SECCIÓN","guadalajara",0.0883367513827402
"406","LOMAS DEL PARAÍSO 2a. SECCIÓN","guadalajara",1.33515143030851
"407","PLANETARIO (INFONAVIT)","guadalajara",-1.27116020507644
"408","PRADERAS DEL PARAÍSO","guadalajara",-1.0906050618854
"409","V.G.F.","guadalajara",-1.81077794587022
"410","UNIDAD MODELO","guadalajara",-1.51192969007743
"411","OLÍMPICA","guadalajara",-1.0109305129792
"412","ZONA DE INDUSTRIAS DOS","guadalajara",-1.39595375031838
"414","ZONA DE INDUSTRIAS TRES","guadalajara",-2.37203700430417
"415","LÁZARO CÁRDENAS (UH)","guadalajara",-1.67447999422483
"416","EL DEAN (MARISA)","guadalajara",-1.35537000464129
"417","CERRO (IRREGULAR)","guadalajara",0.146765804660723
"418","DOCTOR ATL 3a. SECCIÓN (IRREGULAR)","guadalajara",3.79003468836419
"419","SAN MIGUEL DE HUENTITÁN 3a. SECCIÓN","guadalajara",0.921136725055311
"420","SAN MIGUEL DE HUENTITÁN 1a. SECCIÓN","guadalajara",0.379456460757343
"421","PLUTARCO ELÍAS CALLES I","guadalajara",-0.476896079149398
"422","CUAUHTÉMOC","guadalajara",-0.447415506094578
"423","LA JICAMERA (PUERTO MELAQUE)","guadalajara",-0.515576424614399
"424","GONZÁLEZ GALLO","guadalajara",-1.76829325532912
"425","UNIDAD OLÍMPICA","guadalajara",-1.89731005587528
"426","CUAUHTÉMOC (ANEXO)","guadalajara",-0.192436560464011
"427","LIBERTADOR MIGUEL HIDALGO","guadalajara",-1.44216703262411
"428","CUAUHTÉMOC POPULAR","guadalajara",0.216562802649752
"429","BEATRIZ HERNÁNDEZ","guadalajara",-0.17592896971664
"430","HUENTITÁN EL BAJO","guadalajara",0.323903889017221
"431","PANORÁMICA 2a. SECCIÓN","guadalajara",-0.3348633549066
"432","PANORÁMICA 1a. SECCIÓN","guadalajara",0.209775969182046
"433","ZOOLÓGICO","guadalajara",-0.545189248935335
"434","ZOOLÓGICO (UH)","guadalajara",-0.821643053883595
"435","ZOOLÓGICO (ANEXO)","guadalajara",-1.99473621764751
"437","DIVISIÓN DEL NORTE","guadalajara",1.32129964095938
"438","RESIDENCIAL DEL BOSQUE","guadalajara",-0.593575813995807
"439","RINCONADA DEL BOSQUE","guadalajara",-1.65478968710546
"440","RINCONADA DE LA ARBOLEDA","guadalajara",-1.21578058778445
"441","BOSQUES DE LA VICTORIA (AMPLIACIÓN)","guadalajara",-1.04277775964539
"442","MARGAL","guadalajara",-2.03863936802314
"443","ENCLAVAMIENTO EN JARDINES DE LA CRUZ","guadalajara",-2.32328919164111
"444","BOSQUES DEL BOULEVARD (IRREGULAR)","guadalajara",-0.546306649563053
"445","RANCHO BLANCO (DEL RÍO)","guadalajara",-1.53300848045253
"446","RANCHO BLANCO (IRREGULAR)","guadalajara",-0.976061706361814
"447","ZONA INDUSTRIAL SUR (I.B.S.)","guadalajara",-1.5915453607224
"448","POLANCO ORIENTE","guadalajara",0.339160084747544
"449","COLÓN C.R.O.C.","guadalajara",-1.01542395547599
"450","FÁBRICA DE ATEMAJAC","guadalajara",-1.15080553750784
"451","VALLARTA COUNTRY","guadalajara",-1.33559342910401
"452","JUAN RAMÍREZ BEDOY","guadalajara",-1.42628358470601
"453","JARDINES DE ATEMAJAC","guadalajara",-1.93161104961314
"454","SIMÓN BOLÍVAR","guadalajara",-1.35704359981848
"455","MIGUEL GALINDO","guadalajara",-1.29171920837383
"456","FRAY ANTONIO ALCALDE","guadalajara",-1.39443239341107
"457","SAN MIGUEL DE MEZQUITÁN (I.B.S.)","guadalajara",-0.357133680735372
"458","SANTA ELENA","guadalajara",-0.173202676738126
"459","CIRCUNVALACIÓN METRO","guadalajara",-1.75908414040256
"460","CARVALLO","guadalajara",-1.47419028307518
"461","TETLÁN RÍO VERDE","guadalajara",-0.280631693414207
"462","LOMAS DEL RÍO VERDE","guadalajara",0.668961191206568
"463","SAN JOSÉ RÍO VERDE","guadalajara",0.668775080040102
"464","LOMAS DE OBLATOS 1a. SECCIÓN","guadalajara",0.734675917786572
"465","LOMAS DE OBLATOS 2a. SECCIÓN","guadalajara",0.184841026473444
"466","HELIODORO HERNÁNDEZ 1a. SECCIÓN","guadalajara",1.01980120750123
"467","HELIODORO HERNÁNDEZ 2a. SECCIÓN","guadalajara",0.743684826402327
"468","AARÓN JOAQUÍN","guadalajara",0.240649776211777
"469","LAGOS DE ORIENTE (AMPLIACIÓN)","guadalajara",-0.15782548406155
"470","BENITO JUÁREZ 3a. SECCIÓN","guadalajara",0.00202730064303525
"471","BENITO JUÁREZ 2a. SECCIÓN","guadalajara",-0.327711496515815
"472","INDEPENDENCIA (UH)","guadalajara",-1.35750939080272
"473","RESIDENCIAL DEL PARQUE","guadalajara",-0.436118192108709
"474","SAN RAFAEL AYALA","guadalajara",-0.647642557412033
"475","RESIDENCIAL SAN RAFAEL","guadalajara",-0.947087229933473
"476","NAVARRO OROZCO","guadalajara",-1.32526768351907
"477","JOSEFINA LÓPEZ DE ISAAC","guadalajara",0.633179632657487
"478","COLONIAL INDEPENDENCIA (IRREGULAR)","guadalajara",-0.467167322170473
"479","COLONIAL INDEPENDENCIA","guadalajara",1.22646488097826
"480","RANCHO NUEVO (INFONAVIT)","guadalajara",1.1439443530504
"481","CARTOLANDIA","guadalajara",1.47798672581562
"482","PASEOS INDEPENDENCIA (IRREGULAR)","guadalajara",-0.536680931404903
"483","JARDINES INDEPENDENCIA","guadalajara",-0.996198365214171
"484","LAS LOMAS INDEPENDENCIA","guadalajara",-1.62012421529382
"485","LOMAS PROVIDENCIA","guadalajara",-1.70521211643526
"486","VERSALLES","guadalajara",-0.519491413986995
"487","LOMAS DE SAN FRANCISCO","guadalajara",0.393395038543196
"488","ESCUELAS","guadalajara",-0.292353591323809
"489","JAVIER MINA","guadalajara",-0.0607764307221546
"490","SAN ANDRÉS GIGANTES","guadalajara",-1.02086688836856
"491","SAN ANDRÉS 4a. SECCIÓN","guadalajara",1.07726229684169
"492","SAN JACINTO (ANEXO)","guadalajara",-1.35135993270725
"493","SAN JACINTO","guadalajara",-1.86475871513768
"494","PROMOTORA SAN JACINTO","guadalajara",-0.275154523674226
"495","HÍPICO TAPATÍO","guadalajara",-1.52040952778884
"496","RINCONADA DE LA VICTORIA","guadalajara",-1.62245586515482
"497","VERDE VALLE 3a. SECCIÓN","guadalajara",-1.88784560929903
"498","EXPO GUADALAJARA","guadalajara",-2.07430606174625
"500","INMUEBLES TURQUESA","guadalajara",-1.86929932207869
"501","VERDE VALLE 2a. SECCIÓN","guadalajara",-2.00336343051855
"502","JARDINES EL SAUZ","guadalajara",-1.11779081329021
"503","MIRAVALLE 3a. SECCIÓN","guadalajara",-1.1323435589725
"504","VILLA DE LOS ROBLES","guadalajara",0.549816988071901
"505","RANCHO BLANCO ÁLAMO","guadalajara",-0.761615842532697
"506","REFORMA (UH)","guadalajara",-1.63482926339631
"508","EL ROSARIO (UH)","guadalajara",-1.07422031134355
"509","MIRAVALLE 4a. SECCIÓN","guadalajara",-1.26482062600441
"510","AVENIDA UNIVERSIDAD","guadalajara",-2.32952630186388
"511","LAGO DEL COUNTRY","guadalajara",-2.12816582709814
"512","LAGOS DEL COUNTRY (AMPLIACIÓN)","guadalajara",-1.02875186267936
"513","EL PARIÁN","guadalajara",-1.86525593737029
"514","SANTA ELENA DE LA CRUZ 2a. SECCIÓN","guadalajara",0.247968144899243
"515","ESTADIO PONIENTE","guadalajara",-1.60398447470379
"516","SAN MIGUEL DE HUENTITÁN 2a. SECCIÓN","guadalajara",0.819056584533905
"517","HACIENDA LA JOYA (IRREGULAR)","guadalajara",-1.13883356589606
"518","RINCONADA DE HUENTITÁN","guadalajara",-1.15690876145333
"520","AMÉRICAS COLOMOS","guadalajara",-1.67697732352799
"521","CHAPULTEPEC COUNTRY CLUB","guadalajara",-1.65648900968261
"522","SAN RAMÓN","guadalajara",0.885010028625502
"523","CIRCUNVALACIÓN VALLARTA","guadalajara",-1.98598547311467
"524","CIRCUNVALACIÓN GUEVARA","guadalajara",-2.1316496157643
"525","FLORES MAGÓN","guadalajara",-0.706152268130082
"526","INDEPENDENCIA (INFONAVIT)","guadalajara",-0.7628828127881
"527","PASEOS INDEPENDENCIA","guadalajara",-1.34410396183871
"528","LIBERTAD EXCEDENCIA I","guadalajara",-0.276788843262739
"529","SAN JOAQUÍN","guadalajara",1.06446662445898
"530","VICENTE GUERRERO (ANEXO)","guadalajara",-1.43206361924162
"531","EL LAUREL","guadalajara",-1.23708963431578
"532","CONSTRUCTORA MODELO DE GUADALAJARA","guadalajara",-1.77842767335037
"533","JARDÍN DE LOS HISTORIADORES","guadalajara",-0.174329049425669
"534","JARDINES DEL NILO II (JARDINES DE LOS HISTORIADORES)","guadalajara",-1.46022340251915
"535","JARDINES DEL NILO SUR","guadalajara",-1.52722803430407
"536","LA CAMPESINA","guadalajara",0.554513152220761
"537","LOMAS DEL GALLO","guadalajara",1.28486542603691
"538","LAGOS DE ORIENTE 2a. SECCIÓN","guadalajara",0.646096842809837
"539","PRESIDENTE BENITO JUÁREZ","guadalajara",-0.618815619713968
"540","ALDAMA TETLÁN","guadalajara",0.11822936890086
"541","TETLÁN II","guadalajara",-0.0939192903660349
"542","TETLÁN I","guadalajara",-0.864413863817882
"543","LOS CONEJOS (IRREGULAR)","guadalajara",1.19839888875897
"544","INSURGENTES LA PRESA","guadalajara",0.85638849526793
"545","INSURGENTES  2a. SECCIÓN","guadalajara",0.30829676951255
"546","LICENCIADO FIGUEROA","guadalajara",0.779754401253309
"547","DYRSA INMOBILIARIA","guadalajara",0.106692008055403
"548","JARDÍN DE LOS POETAS","guadalajara",-0.683915575732419
"549","JARDÍN DE LOS ESCRITORES","guadalajara",-1.93569260474887
"550","JARDINES DEL NILO 3a. SECCIÓN","guadalajara",-1.07159399864693
"551","JARDINES DEL NILO (IRREGULAR)","guadalajara",-0.470138095904697
"552","VILLAS DEL NILO","guadalajara",-1.08863182853433
"553","PARQUES DEL NILO","guadalajara",-0.618271934008796
"554","LOS HORNOS","guadalajara",-1.16453297275549
"555","PARQUE SAN PEDRO","guadalajara",-2.09297485515973
"556","SAN EUGENIO (UH)","guadalajara",-0.243336516792984
"557","PLUTARCO ELÍAS CALLES II","guadalajara",-0.245485337198523
"558","VECINDAD JARDINES DEL BOSQUE","guadalajara",3.98294661037695
"559","TEPOPOTE OESTE","guadalajara",-1.90656603453377
"560","RINCONADA DEL AGUA AZUL","guadalajara",-1.14518173816311
"562","PATRIA NUEVA","guadalajara",0.725617974683872
"563","LÓPEZ PORTILLO 2a. SECCIÓN","guadalajara",0.675536955289166
"564","ARBOLEDAS DEL SUR","guadalajara",-0.740074813973175
"565","LÁZARO CÁRDENAS","guadalajara",1.01583625274373
"566","POLANQUITO","guadalajara",1.11095486949963
"567","VALENTÍN GÓMEZ FARÍAS","guadalajara",0.0712374627005508
"568","ZONA DE INDUSTRIAS UNO","guadalajara",-0.92726473632375
"569","NUEVA SANTA MARÍA","guadalajara",1.77468709480614
"570","NUEVA ESPAÑA (IRREGULAR)","guadalajara",0.167633253320727
"571","BALCONES Y PRADOS DE HUENTITÁN","guadalajara",-1.22081632187938
"572","LOMAS DE LA PRADERA","guadalajara",-1.14075369081252
"573","SAN ANTONIO (ANEXO)","guadalajara",-0.4484068617958
"574","EL ROCÍO","guadalajara",-1.16473627118542
"575","VISTAS DEL SUR","guadalajara",-0.214186652525558
"576","VALLARTA CUAUHTÉMOC","guadalajara",-1.99713631596604
"577","VALLARTA SUR","guadalajara",-1.5369907538555
"578","ACADEMIA DE POLICÍA (IRREGULAR)","guadalajara",-0.451822970636065
"579","PARQUES DEL NILO 2a. SECCIÓN","guadalajara",-1.0618985409149
"580","VISTAS DEL NILO (IRREGULAR)","guadalajara",-0.80419953137233
"581","EL BARRO","guadalajara",2.69150749805488
"582","PARQUE SAN PEDRO (IRREGULAR)","guadalajara",-0.358080121719637
"583","LOS ARRAYANES","guadalajara",1.0910683550901
"584","LAS PIEDROTAS","guadalajara",-0.765812455809234
"585","TIERRA CHICA","guadalajara",-1.47236345252117
"586","12 DE DICIEMBRE","zapopan",4.65559197383588
"587","27 DE SEPTIEMBRE","zapopan",-0.188302494722694
"589","AGRARIA","zapopan",-1.48380509414487
"590","AGRICOLA","zapopan",0.425264145324555
"591","AGUA BLANCA INDUSTRIAL","zapopan",0.324401580607572
"592","AGUA BLANCA POBLADO","zapopan",0.509043506189447
"593","AGUA BLANCA SUR","zapopan",0.0201631170458546
"594","AGUA FRIA","zapopan",2.95400502940113
"595","ALAMEDAS DE TESISTAN","zapopan",-0.0682203829599008
"596","ALAMITOS","zapopan",-0.190714613024148
"597","ALTAGRACIA","zapopan",-0.270718681008029
"598","ALTAMIRA","zapopan",-1.72755869110199
"599","ALTUS QUINTAS","zapopan",-1.37426494525199
"600","ARBOLEDA","zapopan",-1.19233388267405
"602","ARCOS DE GUADALUPE","zapopan",-1.6176703261784
"603","ARCOS DE ZAPOPAN","zapopan",-0.844737776616108
"604","ARENALES TAPATIOS","zapopan",1.2174494803796
"605","ARROYO HONDO","zapopan",1.78998315041168
"606","ARROYO HONDO 2a. SECCION","zapopan",1.00813263078468
"607","ATEMAJAC DEL VALLE","zapopan",-0.218564438290835
"608","ATLAS CHAPALITA","zapopan",-1.40957749277347
"609","ATLAS COLOMOS","zapopan",-1.85069977917895
"610","AUDITORIO","zapopan",-1.10864204501514
"612","AZALEAS","zapopan",-1.06549190454999
"613","BALCONES DE LA CANTERA","zapopan",1.10362046066942
"614","BALCONES DEL SOL","zapopan",1.36937231290751
"615","BASE AEREA MILITAR NO 5","zapopan",-0.214305672914849
"616","BELENES NORTE","zapopan",-0.0907828416078267
"617","BELLAVISTA","zapopan",-1.13135935204057
"618","BENITO JUAREZ","zapopan",0.250942550279799
"619","BENITO JUAREZ NORTE","zapopan",1.5888699777886
"621","BOSQUE DEL CENTINELA II","zapopan",-1.19416339728176
"622","BOSQUE ESCONDIDO","zapopan",-0.76145754327064
"623","BOSQUES DE SAN GONZALO","zapopan",-1.70683701481014
"624","BOSQUES DE SAN ISIDRO","zapopan",-1.37529843593097
"625","BOSQUES DEL CENTINELA","zapopan",-1.14350433533215
"626","BOSQUES DEL ENCINO","zapopan",-0.460250091633915
"627","BUGAMBILIAS COUNTRY","zapopan",-2.23940462766158
"628","CABAÑITAS","zapopan",1.52289711601868
"629","CALLEJON DEL PARQUE","zapopan",-2.35064071777053
"630","CAMICHINES VALLARTA","zapopan",-1.67125850662021
"631","CAMINO REAL","zapopan",-2.05020469641365
"632","CANTERA MORADA","zapopan",0.840541241042345
"633","CANTERAS DEL CENTINELA","zapopan",-1.64000479258215
"634","CANTEROS","zapopan",1.09667660950191
"635","CARLOS RIVERA ACEVES","zapopan",3.00657413197018
"636","CD BUGAMBILIAS","zapopan",-1.78969534173772
"637","CERRO DEL TESORO","zapopan",-1.36853774869223
"639","CHAPALITA DE OCCIDENTE","zapopan",-1.93055809534673
"640","CHAPALITA INN","zapopan",-1.55773540143275
"641","CHAPALITA LAS FUENTES","zapopan",-1.6228014432382
"642","CHAPALITA ORIENTE","zapopan",-1.96325660431112
"643","CHAPALITA SUR","zapopan",-1.89360440665069
"644","CIUDAD DE LOS NIÑOS","zapopan",-2.04200530992599
"645","CIUDAD DEL SOL","zapopan",-1.77623181172763
"646","CIUDAD GRANJA","zapopan",-1.02900009362674
"647","CLUB HIPICO INTERNACIONAL","zapopan",-1.8742108729083
"648","COLEGIO DEL AIRE","zapopan",-0.343574441669996
"649","COLINA DE LOS BELENES","zapopan",0.759045929034929
"650","COLINAS DE ATEMAJAC","zapopan",-1.3469557016258
"651","COLINAS DE LAS AGUILAS","zapopan",-1.08709041228307
"652","COLINAS DE LOS ROBLES","zapopan",0.110114474413139
"653","COLINAS DE SAN JAVIER","zapopan",-2.02773829422924
"654","COLINAS DE TABACHINES","zapopan",0.214138415249542
"655","COLINAS DEL REY","zapopan",-0.737627031616826
"657","COLLI CTM","zapopan",-1.16525174040407
"658","COLLI PRIMAVERA","zapopan",-1.444310940486
"659","COLLI SITIO","zapopan",-0.402047717960433
"660","CONSTITUCION","zapopan",0.11021996177635
"661","CONSTITUYENTES","zapopan",-0.518137050225906
"662","CORDILLERAS","zapopan",-1.85199749317678
"663","COTO CASA BLANCA","zapopan",-1.11337655766155
"664","CRISTAL","zapopan",-1.87718204377606
"665","CRUCERO DE LA MESA","zapopan",0.670839978137505
"666","DEL BOSQUE","zapopan",-1.69169270121508
"667","DEL FRESNO","zapopan",1.87218537657884
"669","DEL PARQUE","zapopan",-1.78601985590007
"670","DIVISION DEL NORTE","zapopan",-0.174253240566487
"671","DON BOSCO VALLARTA","zapopan",-1.73011225902785
"672","EL BATAN","zapopan",-0.46447522135581
"673","EL BOSQUE","zapopan",-1.73191477296965
"674","EL BRISEÑO","zapopan",0.480948903984963
"675","EL CAMPANARIO","zapopan",0.108620790705162
"676","EL CAPULLO","zapopan",-1.89930383767249
"677","EL CENTINELA","zapopan",0.31925040247438
"678","EL COLLI URBANO","zapopan",-0.776721646717708
"679","EL FORTIN","zapopan",-0.342409523491791
"680","EL MANTE","zapopan",0.600230309507989
"681","EL PARAISO","zapopan",-0.00899061744480694
"684","EL REHILETE","zapopan",11.2530198614737
"685","EL RINCON SECRETO","zapopan",-0.964384660453016
"686","EL TIGRE","zapopan",2.38083286457146
"687","EL TIZATE","zapopan",3.88794378598876
"688","EL VIGIA","zapopan",-0.256237866497982
"689","EL ZAPOTE","zapopan",-0.78234667474801
"690","EMILIANO ZAPATA","zapopan",1.0203040868344
"691","ESTRADA","zapopan",1.04758252818695
"692","EUCALIPTO VALLARTA","zapopan",-1.60806903095394
"693","FLORES DEL VALLE","zapopan",-1.68752735505929
"694","FOVISSSTE (ESTATUTO JURIDICO)","zapopan",-2.13026576309236
"695","FRANCISCO SARABIA","zapopan",0.38079447013984
"696","GIRASOLES ELITE","zapopan",-1.96591456970118
"697","GONZALEZ ORTEGA","zapopan",-1.47477254867073
"698","GUADALAJARITA","zapopan",-1.3067788459482
"699","GUADALUPE","zapopan",-1.99931200152254
"700","GUADALUPE INN","zapopan",-1.79170853946989
"701","GUADALUPE JARDIN","zapopan",-1.95542709757479
"702","GUADALUPE SUR","zapopan",-1.85211667288909
"703","GUSA","zapopan",-1.31913882098893
"704","GUSTAVO DIAZ ORDAZ","zapopan",-0.926677689469529
"705","HACIENDA DE LAS LOMAS","zapopan",-1.84682097325541
"706","HACIENDA DEL TEPEYAC","zapopan",-1.47848752808609
"707","HACIENDA DEL VALLE","zapopan",-0.982161199208206
"708","HACIENDAS DE ZAPOPAN","zapopan",-0.742003889668412
"709","HEROES NACIONALES","zapopan",1.05478380515944
"710","HOGARES DE NUEVO MEXICO","zapopan",1.1198133052296
"711","HOGARES DEL BATAN","zapopan",-0.240614003705458
"712","INDIGENA DE MEZQUITAN","zapopan",1.40452913576213
"714","INDUSTRIAL ZAPOPAN NORTE","zapopan",-1.92060658181539
"715","INFONAVIT EL GARABATO","zapopan",0.901312140503752
"716","JACARANDAS","zapopan",-2.16146418191334
"717","JARDIN DE NUEVO MEXICO","zapopan",0.991828179155846
"718","JARDIN REAL","zapopan",-1.6705483832327
"719","JARDINES DE CHAPALITA","zapopan",-2.00501116015776
"720","JARDINES DE GUADALUPE","zapopan",-2.01556248952416
"721","JARDINES DE LA ESPERANZA","zapopan",-1.06474776334566
"722","JARDINES DE LA PATRIA","zapopan",-2.03346010772925
"723","JARDINES DE LOS BELENES","zapopan",0.394237434955235
"724","JARDINES DE SAN GONZALO","zapopan",2.11185188501552
"725","JARDINES DE SAN IGNACIO","zapopan",-2.00916308506443
"726","JARDINES DE SANTA ANA","zapopan",0.716675095855491
"727","JARDINES DE TABACHINES","zapopan",-1.00413418358734
"728","JARDINES DEL IXTEPETE","zapopan",-0.130529850596528
"729","JARDINES DEL PORVENIR","zapopan",-0.682423367131718
"730","JARDINES DEL SOL","zapopan",-1.98351198482122
"731","JARDINES DEL VALLE","zapopan",-1.04353049736484
"732","JARDINES DEL VERGEL","zapopan",0.0672849147937806
"733","JARDINES SEATTLE","zapopan",-1.20362735123472
"734","JARDINES TAPATIOS","zapopan",2.33949647459772
"735","JARDINES TEPEYAC","zapopan",-2.21644146590875
"736","JARDINES UNIVERSIDAD","zapopan",-1.87602381514802
"737","JARDINES VALLARTA","zapopan",-1.86389982141723
"738","JOCOTAN","zapopan",0.730713750575578
"739","JUAN MANUEL VALLARTA","zapopan",-2.04981921386813
"740","LA AURORA","zapopan",-0.645225441639635
"741","LA CALMA","zapopan",-1.92678647116202
"742","LA CANTERA","zapopan",-1.50907650193684
"743","LA CAÑADA","zapopan",-0.913821871096705
"744","LA CASITA","zapopan",-0.415695314496348
"745","LA CASTILLA","zapopan",-1.08982272867038
"747","LA CORONILLA","zapopan",2.11890175757332
"748","LA ESTANCIA","zapopan",-1.64233828508453
"749","LA EXPERIENCIA","zapopan",-0.61240406278125
"750","LA FLORESTA DEL COLLI","zapopan",2.01427257358121
"751","LA FLORIDA","zapopan",2.14046881934535
"752","LA FLORIDA II","zapopan",-2.02377936970801
"753","LA GIRALDA","zapopan",-1.98799472069775
"754","LA GLORIA DEL COLLI","zapopan",0.71880443497652
"755","LA GRANJA","zapopan",3.10101936161509
"756","LA HACIENDITA","zapopan",0.87542722194969
"757","LA HIGUERA","zapopan",3.20489274670027
"758","LA HUERTA","zapopan",-0.917187784791378
"759","LA JOYA","zapopan",-2.20709200536286
"761","LA JUNTA DE LOS OCOTES","zapopan",2.50096277375407
"762","LA MAGDALENA","zapopan",2.29121074278929
"763","LA MARTINICA","zapopan",1.0477437362726
"764","LA MESA COLORADA PONIENTE","zapopan",2.67618518863487
"765","LA MORA","zapopan",-0.342070406527904
"766","PALMIRA","zapopan",1.34455493295088
"767","LA PALMITA","zapopan",-0.290881773970148
"768","LA PATRIA UNIVERSIDAD","zapopan",-2.04259826578598
"769","LA PERIQUERA","zapopan",0.856998578421577
"770","LA SOLEDAD","zapopan",1.41382960306955
"771","LA TUZANIA","zapopan",-0.905677879800548
"772","LA TUZANIA EJIDAL","zapopan",-0.550797950263016
"773","LA VENTA DEL ASTILLERO","zapopan",0.29370580032802
"774","LAGOS DEL COUNTRY","zapopan",-2.02954867849671
"775","LAS AGUILAS","zapopan",-1.61608834388882
"776","LAS AGUJAS","zapopan",1.40855324985248
"777","LAS ALAMEDAS","zapopan",-1.74505832604168
"778","LAS ARBOLEDAS","zapopan",-1.90518297705111
"779","LAS BOBEDAS","zapopan",0.172765853066176
"780","LAS CUMBRES","zapopan",-1.19818139607934
"781","LAS CUMBRES RESIDENCIAL","zapopan",-1.95303865985505
"782","LAS FLORES","zapopan",-1.66859232029077
"783","LAS FUENTES","zapopan",-1.42454695990355
"784","LAS LOMAS GOLF  HABITAT","zapopan",-2.03305995708362
"785","LAS PALMAS","zapopan",-0.303137026873799
"786","LAS PALOMAS","zapopan",-1.86539947651823
"788","LAURELES","zapopan",-0.787808248231912
"789","LINDAVISTA","zapopan",-1.19527777364964
"790","LOMA BLANCA","zapopan",-2.2020896958051
"791","LOMA BONITA","zapopan",-1.67652676747542
"792","LOMA BONITA EJIDAL","zapopan",-0.39820222527394
"793","LOMA BONITA SUR","zapopan",-1.90617284406517
"794","LOMA CHICA","zapopan",0.792648391956623
"795","LOMA EL PEDREGAL","zapopan",3.801574005837
"796","LOMA REAL","zapopan",-1.48384608184034
"797","LOMAS ALTAS","zapopan",-1.88688601429267
"798","LOMAS DE ATEMAJAC","zapopan",-1.4998315072842
"799","LOMAS DE GUADALUPE","zapopan",-1.70043377089047
"800","LOMAS DE LA PRIMAVERA","zapopan",2.5244852540714
"802","LOMAS DE SAN GONZALO","zapopan",-0.793219505759091
"803","LOMAS DE TABACHINES","zapopan",2.58470532289797
"804","LOMAS DE ZAPOPAN","zapopan",-0.817357606974776
"805","LOMAS DEL BATAN","zapopan",-0.144584499421633
"806","LOMAS DEL BOSQUE","zapopan",-2.15445984075023
"807","LOMAS DEL CENTINELA","zapopan",5.2492417677914
"808","LOMAS DEL COLLI","zapopan",0.273165409725672
"809","LOMAS DEL REFUGIO","zapopan",2.11864028432641
"810","LOMAS DEL SEMINARIO","zapopan",-1.85051438541895
"811","LOMAS DEL VALLE","zapopan",-1.82975545110318
"812","LOMAS DEL VERGEL","zapopan",1.51870150729496
"813","LOMAS UNIVERSIDAD","zapopan",-1.52497289480748
"814","LOS ALMENDROS","zapopan",-1.15137835020042
"815","LOS ANGELES","zapopan",4.97246139448438
"816","LOS CAJETES","zapopan",1.88317041538756
"817","LOS CASTAÑOS","zapopan",-1.83214499947994
"818","LOS FRAILES","zapopan",-1.76403430266057
"819","LOS GIRASOLES","zapopan",0.413997081793995
"820","LOS MAESTROS","zapopan",-0.659513416862758
"821","LOS MANZANOS","zapopan",5.1030523239313
"822","LOS MOLINOS","zapopan",-0.566363832198983
"823","LOS PERIODISTAS","zapopan",1.47623833622991
"824","LOS PINOS","zapopan",-1.85860943499014
"825","LOS PINOS II","zapopan",-1.27694253778792
"826","LOS ROBLES","zapopan",-0.21359186698737
"827","MAGISTERIAL VALLE DE SAN ISIDRO","zapopan",-1.60175066133326
"828","MARCELINO GARCIA BARRAGAN","zapopan",2.3338893084269
"829","MARIANO OTERO","zapopan",0.770318430507366
"830","MESA COLORADA ORIENTE","zapopan",2.22235201690387
"831","MESA DE LOS OCOTES","zapopan",5.02463498543421
"832","MEXICO","zapopan",-1.83721460206992
"833","MIGUEL DE LA MADRID","zapopan",-0.148074124945706
"834","MIGUEL HIDALGO","zapopan",1.00490618218195
"835","MINION DEL VALLE","zapopan",-0.636007484216186
"836","MIRADOR DEL SOL","zapopan",-1.72470506562449
"837","MIRADOR ESCONDIDO","zapopan",3.08693031065942
"838","MIRADOR DE SAN ISIDRO","zapopan",-1.32612767974049
"839","MIRAMAR","zapopan",1.01432325354946
"840","MISION DEL BOSQUE","zapopan",-1.05499002495162
"841","MOCTEZUMA","zapopan",-1.19398651946275
"842","MOCTEZUMA PTE","zapopan",-0.903700920652665
"843","NEXTIPAC","zapopan",0.316187674454958
"844","NUEVA ESPAÑA","zapopan",0.851293803156565
"845","NUEVA GALICIA","zapopan",-2.20892259301654
"846","NUEVA PRIMAVERA","zapopan",-1.15057193868184
"847","NUEVO MEXICO","zapopan",-0.339663853127927
"848","NUEVO VERGEL","zapopan",1.59780786939556
"849","OLIVOS RESIDENCIAL","zapopan",-1.6326235481814
"851","PARAISOS DEL COLLI","zapopan",0.752417543866217
"852","PARQUE DE LA CASTELLANA","zapopan",-2.10744837278132
"853","PARQUE GUADALUPE","zapopan",-2.08547743215983
"854","PARQUE METROPOLITANO GUADALAJARA","zapopan",-0.318873327495926
"855","PARQUE REAL","zapopan",-0.793274550833763
"856","PARQUE REGENCY","zapopan",-1.79863030613545
"857","PARQUE SERENO","zapopan",-2.09136282242536
"858","PARQUES DE TESISTAN","zapopan",-0.411927158013192
"859","PARQUES DE ZAPOPAN","zapopan",-1.28689443329061
"860","PARQUES DEL CENTINELA","zapopan",-2.03818692549595
"861","PARQUES TEPEYAC","zapopan",-1.36200579203674
"862","PASEOS DEL BRISEÑO","zapopan",0.441476984409904
"864","PASEOS DEL SOL","zapopan",-1.53908500811288
"865","PASEOS UNIVERSIDAD","zapopan",-0.870211625326262
"866","PEDRO MORENO","zapopan",0.00693217220457851
"867","PINAR DE LA CALMA","zapopan",-1.67167959957089
"868","PIRAMIDES","zapopan",0.907692024010251
"870","PLAZA GUADALUPE","zapopan",-1.87249081662525
"871","PORTALEGRE","zapopan",-1.77287051842337
"872","PRADERAS DE SAN ANTONIO","zapopan",1.00974365290281
"874","PRADOS DE NEXTIPAC 1a SECCION","zapopan",3.06887324100345
"875","PRADOS DE NEXTIPAC 2a SECCION","zapopan",3.18327227745857
"876","PRADOS GUADALUPE","zapopan",-2.04348392825093
"877","PRADOS TEPEYAC","zapopan",-1.97866754019235
"878","PRADOS VALLARTA","zapopan",-1.97720968821612
"879","PRIMAVERA NORTE","zapopan",-1.39305111690015
"880","PUERTA DE HIERRO","zapopan",-1.51313881805858
"881","PUERTA DE PLATA","zapopan",-2.35056058633694
"882","PUERTA DEL BOSQUE","zapopan",-2.07397813237758
"883","PUERTA DEL ROBLE","zapopan",-2.22582536564867
"884","PUERTA DEL TULE","zapopan",-2.18222360344719
"885","PUERTA DEL VALLE","zapopan",-1.82171826682692
"886","PUESTA DEL SOL","zapopan",-1.9553334662711
"887","QUINTAS DE LA SOBERANA","zapopan",-2.20194944902596
"888","QUINTAS DEL BOSQUE","zapopan",-1.3937596203018
"889","QUINTAS DEL VALLE","zapopan",-1.2432920765342
"890","REAL DEL BOSQUE","zapopan",-1.79611430383268
"891","REAL SAN JAVIER","zapopan",-2.37973994272325
"892","REAL VALLARTA","zapopan",-1.47687567505248
"893","REPUBLICA","zapopan",-0.938785721924663
"894","RESIDENCIAL DEL VALLE","zapopan",-1.86135666550567
"895","RESIDENCIAL PONIENTE","zapopan",-0.80646656224239
"897","RESIDENCIAL VICTORIA","zapopan",-1.81819952448621
"899","RITZ AUTOCINEMA","zapopan",-1.21331767758101
"900","RNCDA DEL AIRE","zapopan",-1.56609070367817
"901","RNCDA DEL CAMICHIN","zapopan",-1.34535979825928
"902","RNCDA DEL SOL","zapopan",-1.18942219682198
"903","RNCDA DEL VALLE","zapopan",-2.02625821716208
"904","RNCDA LA CALMA","zapopan",-1.61956512598462
"905","RNCDA LA JOYA","zapopan",-2.54752555583097
"906","RNCDA SANTA RITA","zapopan",-1.74056491016151
"907","RNCDA ZAPOPAN","zapopan",1.84555084150776
"908","RNCNDA DE LA AZALEA","zapopan",-1.29791246647132
"909","ROBERTO OROZCO","zapopan",0.601103772770903
"910","ROYAL COUNTRY","zapopan",-2.02925529611868
"911","SAN ESTEBAN","zapopan",4.47664997559617
"912","SAN FRANCISCO","zapopan",0.47473463862995
"913","SAN FRANCISCO II","zapopan",-2.06142623865914
"914","SAN ISIDRO EJIDAL","zapopan",0.0522835014824805
"915","SAN ISIDRO RESIDENCIAL","zapopan",-1.8149232299134
"916","SAN JOSE DEL BAJIO","zapopan",-1.1488296089489
"917","SAN JOSE DEL BAJIO II","zapopan",1.0883636068424
"918","SAN JOSE EJIDAL","zapopan",2.18387028810554
"919","SAN JUAN DE OCOTAN","zapopan",1.93615941547196
"920","SAN MIGUEL DE LA COLINA","zapopan",-2.4367502077868
"921","SAN WENCESLAO","zapopan",-2.07025504165173
"922","SANTA ANA TEPETITLAN","zapopan",1.07586457356915
"923","SANTA CATALINA","zapopan",-2.03409463756803
"924","SANTA FE","zapopan",-0.406542805840426
"925","SANTA ISABEL","zapopan",-2.03078837789518
"926","SANTA LUCIA","zapopan",2.34733281287223
"927","SANTA MARGARITA","zapopan",0.494021459628462
"928","SANTA MARGARITA RESIDENCIAL","zapopan",-0.978604007911876
"929","SANTA PAULA","zapopan",-0.295524531255633
"930","SEATTLE","zapopan",-1.11908937904637
"932","SEVILLA","zapopan",-1.99956426755224
"933","SOL REAL","zapopan",-2.07429295548168
"934","SOLARES RESIDENCIAL","zapopan",-1.44488350418175
"935","STA CATALINA","zapopan",-1.62845759594249
"936","STA MARIA DEL PUEBLITO","zapopan",0.747026931839965
"937","TABACHINES","zapopan",-1.07150356942583
"938","TATEPOSCO","zapopan",5.19621934508124
"939","TEPEYAC","zapopan",-0.883318732431721
"940","TEPEYAC CASINO","zapopan",-1.77255667024822
"941","TESISTAN","zapopan",0.0670765197683445
"942","U CADETE FCO MARQUEZ","zapopan",-1.94860433980019
"943","UAG","zapopan",-1.58224737907541
"944","VALLARTA CUAUHTEMOC","zapopan",-1.23338708658928
"945","VALLARTA LA PATRIA","zapopan",-1.98826702961559
"946","VALLARTA UNIVERSIDAD","zapopan",-1.46190678440229
"947","VALLE DE SAN ISIDRO","zapopan",-1.18700112359308
"948","VALLE DE SAN NICOLAS","zapopan",0.351407437874169
"949","VALLE ESMERALDA","zapopan",-1.54973846807715
"950","VALLE REAL","zapopan",-1.94284414732591
"951","VALLES DE NUEVO MEXICO","zapopan",-1.06235939139118
"952","VENUSTIANO CARRANZA","zapopan",-0.705792936124263
"953","VICENTE GUERRERO","zapopan",0.541148060080147
"954","VICTOR HUGO","zapopan",0.150832617167246
"955","VIGUSA","zapopan",-1.32106222204162
"956","VILLA BONITA","zapopan",1.55932058611449
"957","VILLA CORAL","zapopan",-0.676568188723314
"958","VILLA DE GUADALUPE","zapopan",2.24177067827085
"959","VILLA LA CIMA","zapopan",-2.05655128168147
"960","VILLA MAGNA","zapopan",-1.48317374816763
"961","VILLA PUERTA DEL SOL","zapopan",-0.232238872763471
"962","VILLA UNIVERSITARIA","zapopan",-1.81203932054684
"963","VILLAS ALCALDE","zapopan",-1.63339887365038
"964","VILLAS BELENES","zapopan",-1.53847350817171
"965","VILLAS DE LA LOMA","zapopan",-0.28976939312409
"966","VILLAS DE LA PRIMAVERA","zapopan",-0.355919459277696
"967","VILLAS DE SAN JAVIER","zapopan",-1.96294753978725
"968","VILLAS DEL IXTEPETE","zapopan",-1.19778051044066
"969","VILLAS DEL MARQUEZ","zapopan",-0.259225143694888
"970","VILLAS DEL TEPEYAC","zapopan",-1.9564380903097
"971","VILLAS ESMERALDA","zapopan",-2.20292676415296
"972","VILLAS MIRADOR","zapopan",-0.326885578086885
"973","VILLAS PERISUR","zapopan",-0.823865219674801
"974","VILLAS SAN IGNACIO","zapopan",0.730550147085858
"975","VILLAS TORREMOLINOS","zapopan",-0.299604393302053
"976","VILLAS VALLARTA","zapopan",-1.83577940816787
"977","VIRREYES","zapopan",-0.856831455567882
"978","VISTA DEL PINAR","zapopan",-1.48828035634051
"979","VISTA HERMOSA","zapopan",1.18399517295947
"980","VISTAS DE TESISTAN","zapopan",-0.172507258093497
"981","VISTAS DEL SOL","zapopan",-1.95566339281597
"982","VIVEROS DEL VALLE","zapopan",-1.48969911649565
"983","VOLCAN DEL COLLI","zapopan",0.463678727020819
"984","ZAPOPAN","zapopan",-0.664573479756588
"985","ZAPOPAN CENTRO","zapopan",-0.365146201242778
"986","ZAPOPAN II","zapopan",-1.33500583939033
"987","ZOQUIPAN","zapopan",-0.859189170773636
"988","ZOTOGRANDE","zapopan",-0.174382062124792
"989","DEL SUR","tonala",3.33172431643902
"990","EL MANANTIAL","tonala",2.14151505544198
"991","EL ROSARIO","tonala",2.22347600483916
"992","EL SAUZ","tonala",5.22261728747959
"993","EMILIANO ZAPATA","tonala",4.0456584796676
"994","FIDEL VELAZQUEZ","tonala",2.69058180806745
"995","FRANCISCO VILLA","tonala",0.0577231341467501
"996","JARDINES DEL ROSARIO","tonala",-0.222619714497407
"997","LA GUADALUPANA","tonala",4.22998242656748
"998","LA LOMA","tonala",1.81475903256651
"999","LAS HUERTAS","tonala",1.02840479179258
"1000","LAS TORRES","tonala",2.4561766624177
"1001","SAN ELIAS","tonala",0.942036617725287
"1002","SANTA ROSA","tonala",4.63552502894598
"1004","TATEPOSCO","tonala",2.67892269707673
"1005","SAN FRANCISCO","tonala",-0.492406496284725
"1006","LAS AGUILAS","tonala",0.900606688870717
"1007","SANTA ISABEL","tonala",5.2419529661304
"1008","MIRADOR DEL SOL","tonala",0.885281592488145
"1009","EL ZAPOTE","tonala",0.575385250420459
"1010","LOS PINOS","tonala",-0.421507710652653
"1011","SANTA PAULA","tonala",2.54519388644745
"1012","LOMA BONITA","tonala",1.70128401766964
"1013","BALCONES DEL SOL","tonala",3.64273213434914
"1014","PUESTA DEL SOL","tonala",1.81678761778383
"1015","ALTAMIRA","tonala",1.43507009228373
"1016","LA HUERTA","tonala",1.46505600847447
"1017","BELLAVISTA","tonala",2.16033739829464
"1018","JALISCO II SECC.","tonala",2.15068838157498
"1019","JALISCO III SECC.","tonala",1.7154883085894
"1020","ALAMEDA","tonala",1.21900393922183
"1021","EL MOLINO","tonala",3.36430824800177
"1022","LOMAS DEL LAUREL II","tonala",1.3483348130651
"1023","ALAMEDAS DE ZALATITAN","tonala",1.88490206635647
"1024","ZALATITAN CENTRO","tonala",1.43684049583449
"1025","LA PILA","tonala",1.95058360955885
"1026","LOMAS DEL MANANTIAL","tonala",2.68070887395714
"1027","LOMA DORADA DELEGACION A","tonala",-0.514298481006534
"1028","SANTA CRUZ DE LAS HUERTAS","tonala",1.85287691438755
"1029","JALISCO I SECC","tonala",1.44498308640836
"1030","JALISCO IV SECC.","tonala",1.02495642462176
"1031","SAN GASPAR","tonala",3.54422766913131
"1032","ARBOLEDAS DE SAN GASPAR","tonala",1.21766755114639
"1033","PACHAGUILLO","tonala",0.589272923507157
"1034","TONALA","tonala",0.774502266443564
"1035","TINAJITAS","tonala",4.63289251841687
"1036","LA GIGANTERA","tonala",3.4041443147837
"1037","REY XOLOTL","tonala",1.23188071098781
"1038","LA PROVIDENCIA","tonala",-0.485110125058624
"1039","SIN NOMBRE","tonala",4.02701929065788
"1040","LOS PUESTOS","tonala",2.75650443211764
"1041","LOS CAMICHINES I","tonala",0.999471056968175
"1042","CAMICHINES III","tonala",1.42148274523514
"1043","EL CARACOL","tonala",1.41878366523054
"1044","LOS CAMICHINES II","tonala",0.755858603150416
"1045","RUBEN JARAMILLO","tonala",6.53596895519621
"1046","LOS TULIPANES","tonala",4.89038514374297
"1047","LA NORIA","tonala",6.36441014026051
"1048","VILLAS DEL BOSQUE","tonala",2.77233041520285
"1049","HUERTAS DE SAN GASPAR","tonala",1.82447886632201
"1050","RINCONADA DEL MEZQUITE","tonala",-0.579702808640951
"1051","LOS MANGUITOS","tonala",1.47290685415921
"1052","EL AHUACATE","tonala",0.748149157480765
"1053","PINAR DE LAS PALOMAS I","tonala",2.14211066100207
"1054","LAS PALOMAS","tonala",0.829747493274649
"1055","PINAR DE LAS PALOMAS","tonala",0.387431537344952
"1056","POTRERO DE SAN FRANCISCO","tonala",0.228663084022422
"1057","MISION SAN FRANCISCO II","tonala",-0.09794326024006
"1058","BASILIO BADILLO","tonala",0.749037590228196
"1059","PASEOS DE TONALA","tonala",3.82486369089564
"1060","ARCOS DE ZALATITAN","tonala",1.42892630254703
"1061","BOSQUES DE TONALA","tonala",1.5292044520962
"1062","EDUCADORES JALISCIENSES","tonala",-0.483603837870651
"1063","BARRIOS UNIDOS INTERCOLONIAS","tonala",6.30457377906064
"1064","SANTA ISABEL II","tonala",6.00415716530567
"1065","HORIZONTES DE TLAQUEPAQUE","tonala",3.10025706488256
"1066","HACIENDA REAL","tonala",-1.00466909137151
"1067","LOMA BONITA I","tonala",1.00412566527437
"1068","LOMA BONITA II","tonala",2.69887736264887
"1069","EL ROSARITO","tonala",-0.512717971254247
"1070","LOMAS DEL LAUREL  I","tonala",1.08947982197945
"1071","20 DE NOVIEMBRE","tonala",1.02988263246858
"1072","LA ALDRILLERA","tonala",1.95041792284881
"1073","LEYES DE REFORMA","tonala",3.0400339535804
"1075","MISION DE LA CANTERA","tonala",-0.542476827920686
"1076","LA HORTALIZA","tonala",1.88539257534129
"1077","RINCONADA DEL HUERTO","tonala",2.03535965447908
"1078","LOMAS DE LA SOLEDAD","tonala",1.05586535703229
"1079","LOMA DORADA (EJIDAL)","tonala",0.210522798765935
"1080","LOMA DORADA DELEGACION B","tonala",-0.481711727450718
"1081","LOMA DORADA DELEGACION C","tonala",-0.657328027129706
"1082","TONALTECAS II","tonala",-0.245138092878898
"1083","EL REMOLINO","tonala",-0.542802370676249
"1084","EL MIRADOR","tonala",2.52053128254529
"1085","PUEBLITO DEL SOL","tonala",-0.58523849193701
"1086","LA ALBERCA","tonala",0.51311107182689
"1087","TONALTECAS I","tonala",-0.642959782714091
"1088","EL RECODO","tonala",1.45305338023671
"1089","COLINAS DE SAN CARLOS","tonala",2.15320602609187
"1090","JARDINES DE TONALA","tonala",0.915807590641673
"1091","COMOLEA","tonala",3.05275882711394
"1092","VALLE DEL SOL","tonala",-0.546612989724972
"1093","ALTAMIRA II","tonala",1.09756708046778
"1094","CIHUALPILLI","tonala",3.38763285555403
"1095","MIRADOR DE LA REINA","tonala",2.35955659771616
"1096","HIDALGO","tonala",0.427013570955053
"1097","LOMAS DE TONALA","tonala",1.3087211692184
"1098","LA SILLITA","tonala",1.21451912505287
"1099","LOMAS DEL MANANTIAL II","tonala",0.642094910541073
"1100","LOMAS DEL CAMICHIN I","tonala",-0.00332642118054043
"1101","LOMAS DEL CAMICHIN","tonala",0.279265494524673
"1102","FUENTES DEL NILO","tonala",-1.77962735155634
"1103","LOMA DORADA DELEGACION D","tonala",-0.60827656345476
"1104","RICARDO FLORES MAGON","tonala",-0.354716248860434
"1105","INFONAVIT LA SOLEDAD","tonala",-0.399588515091326
"1106","INFONAVIT TONALA(RIO NILO)","tonala",-0.576609241648692
"1107","ARCOS DE ZALATITAN II","tonala",1.15081482659027
"1108","CAMICHINES II","tonala",-0.546329255442521
"1109","LOS AMIALES","tonala",5.3685936958877
"1110","LA CONCHA","tonala",-0.953137347418274
"1111","LOS SANTIBAÑEZ","tonala",5.48060871649534
"1112","LOMA DEL ZALATE (AHUATAN)","tonala",6.36186751544261
"1113","LOS CONEJOS","tonala",-0.818117600446428
"1114","FRANCISCO VILLA II","tonala",6.3191152102973
"1115","EL PANORAMICO I","tonala",3.18149233568797
"1116","EL PANORAMICO II","tonala",10.5163671120456
"1117","PASEOS DEL VALLE","tonala",-0.290936979312471
"1118","LA QUINTA CATALINA","tonala",1.04977929274917
"1119","COLINAS DE LA CRUZ","tonala",0.610457210682804
"1120","LOS CIPRECES","tonala",-0.45891701118465
"1121","BALCONES DE SANTA CRUZ","tonala",1.29015003807072
"1122","LARGUERO","tonala",3.46477554005862
"1123","ALPINOS","tonala",2.63886040799192
"1124","PUERTA DEL ROSARIO","tonala",-0.0786952513898487
"1125","VALLE DE LOS LEONES","tonala",-1.29092247686528
"1126","RINCONADA DE LOS NARANJOS","tonala",2.42872755887997
"1127","BALCONES DEL ROSARITO","tonala",1.2703996758994
"1128","BALCONES DEL ROSARIO","tonala",1.07469687368806
"1129","RINCONADA ROSARIO","tonala",-1.17766619150594
"1130","CONCHITAS","tonala",5.1992623555674
"1131","JAUJA","tonala",3.3887157074001
"1132","LA LADRILLERA","tonala",7.29226658007127
"1133","LAS PUERTAS","tonala",6.05151645175946
"1134","ARROYO DE ENMEDIO","tonala",5.40609857470213
"1135","CIUDAD AZTLAN","tonala",0.994268161305185
"1136","BARRIO NUEVO","tonala",1.5370053782753
"1137","EL PEDREGAL","tonala",0.570205724972755
"1138","LOMAS DE AZTLAN","tonala",-0.83189034146595
"1139","LAZARO CARDENAS (BARRANQUITAS)","tonala",5.02820397507786
"1141","DEMETRIO VALLEJO","tonala",2.95910560502351
"1142","PRADERAS DEL SOL","tonala",-0.20953026075513
"1143","XICOXOCHIL","tonala",2.63114483445508
"1144","LOMA DE LOS PAJAROS","tonala",2.00557726788753
"1145","OSORIO COMUNAL","tonala",12.1206893726681
"1146","VILLAS DEL ORIENTE II","tonala",0.0689747587882317
"1147","AGUA ESCONDIDA","tonala",6.29028632355643
"1148","VILLAS DE ORIENTE I","tonala",-0.282644189730181
"1149","REAL PATRIA","tonala",-0.967823792028514
"1150","CONSTANCIO HDEZ. ALVIRDE","tonala",1.59734594435891
"1151","ARROYO SECO","tonala",3.74811239632437
"1152","MISION SAN FRANCISCO III","tonala",0.262634556953157
"1153","VILLAS DE ZALATITAN","tonala",0.591510742660004
"1154","COYULA","tonala",3.18971817696323
"1155","RANCHO DE LA CRUZ","tonala",1.56351867583628
"1156","MISION EL CAMPANARIO","tonala",0.0744856267218461
"1157","POTRERO SAN JOSE","tonala",4.8890763021128
"1158","JARDINES DE LA CRUZ ORIENTE","tonala",2.76268352491931
"1159","JARDINES DE LA REINA","tonala",-0.626917292340875
"1160","EL CERRITO","tonala",-0.570139190937562
"1161","EL PARDO","tonala",7.74620711880659
"1162","PRIVADAS DE LA REYNA","tonala",-0.828498450254565
"1163","PASEOS DE SANTIAGO","tonala",-0.795367256522938
"1164","URBIQUINTA MONTECARLO","tonala",-0.388397633861714
"1165","LOS VIÑEDOS II","tonala",-0.239942217485212
"1166","URBIVILLA DEL RIO","tonala",0.28018731710444
"1167","VISTAS DEL VALLE","tonala",-0.520294769161527
"1169","PUENTE GRANDE","tonala",0.914955663646896
"1170","TOLOLOTLAN","tonala",1.68486261360114
"1171","EL JORDAN","tonala",0.988672033322838
"1172","VISTA HERMOSA (LA PUNTA)","tonala",1.94942732215909
"1173","LOMAS DE SAN MIGUEL","tonala",-0.0588613757361923
"1174","JOSE VASCONCELOS","tonala",3.8306660425049
"1175","LOMAS DE SAN MIGUEL II","tonala",0.466079335402678
"1176","SAN FRANCISCO DE LA SOLEDAD","tonala",2.13418611659305
"1177","LOMAS DEL SALTO","tonala",2.17289098877594
"1178","PASEO PUENTE VIEJO","tonala",0.746760572254674
"1179","SC","tonala",6.38012605420866
"1180","AGUA BLANCA INDUSTRIAL","tlaq",-1.43178528785733
"1181","ALAMO INDUSTRIAL","tlaq",-0.995573191070083
"1182","ALAMO LOMAS","tlaq",-1.1521981225308
"1183","ALAMO ORIENTE","tlaq",-0.54878386493288
"1184","ALBORADA","tlaq",2.93725033709967
"1185","ALFREDO BARBA","tlaq",1.27791617814409
"1186","ALTOS NORTE","tlaq",-0.580101673051427
"1187","ALTOS ORIENTE","tlaq",-0.0257297164504326
"1188","ALVARO OBREGON","tlaq",1.8486100458865
"1189","ARROYO LAS FLORES","tlaq",3.18585438036182
"1190","ARROYO SECO","tlaq",-1.60843064896177
"1191","ARTESANOS","tlaq",1.12631692668623
"1192","BALCONES DE SANTA MARIA","tlaq",-0.927194957485918
"1193","BRISAS DE CHAPALA","tlaq",0.60812491252355
"1194","BUENOS AIRES","tlaq",1.51666437050797
"1195","CAMICHINES","tlaq",-0.677919950359939
"1196","CANAL 58","tlaq",1.3858128572999
"1197","CENTRO (LAS PINTITAS)","tlaq",0.424131206563815
"1198","CENTRO (TLAQUEPAQUE)","tlaq",0.285133343752004
"1199","CERRO DEL CUATRO","tlaq",0.548566514024882
"1200","CERRO DEL JAGUEY","tlaq",1.7989183093978
"1201","CERRO DEL TESORO","tlaq",-1.48455359054696
"1202","CLUB DE GOLF ATLAS","tlaq",-0.704138052545665
"1203","COLONIAL TLAQUEPAQUE","tlaq",-0.806111603775093
"1205","DE SANTA MARIA","tlaq",-0.244806290113154
"1206","DE SANTIAGO","tlaq",-0.0143069890715692
"1207","EL ALAMO","tlaq",-0.958300938368704
"1208","EL CAMPESINO","tlaq",1.93565557337532
"1209","EL CERRITO","tlaq",1.60949969394552
"1210","EL MANTE","tlaq",-0.205597884275073
"1211","EL MIRADOR","tlaq",3.20252948733609
"1212","EL MIRADOR JUAN ARIAS","tlaq",0.634698693622959
"1213","EL MORITO","tlaq",1.6652710015799
"1214","EL ORGANO","tlaq",1.36037235402274
"1215","EL REAL","tlaq",0.742852383325482
"1216","EL REFUGIO","tlaq",0.313637039628274
"1217","EL SAUZ","tlaq",3.29499437337368
"1218","EL SAUZ II","tlaq",-0.576361971368868
"1219","EL TAPATIO","tlaq",0.273865231367609
"1220","EL VERGEL","tlaq",1.33803227588958
"1221","EMILIANO ZAPATA","tlaq",3.09541880107583
"1222","ESPAÐA","tlaq",0.659127189508665
"1224","FELIPE ANGELES","tlaq",2.29227627847289
"1225","FOVISSSTE MIRAVALLE","tlaq",-1.06040817833307
"1226","FRACC RESIDENCIAL AMANECERES","tlaq",-1.34004998458581
"1227","FRANCISCO I MADERO","tlaq",2.88149740000123
"1228","FRANCISCO I MADERO 2a. SECCION","tlaq",3.03061941587074
"1229","FRANCISCO SILVA ROMERO","tlaq",2.28153384055862
"1230","GEO VILLAS DEL REAL","tlaq",-1.54338408352765
"1231","GEO VILLAS LOS OLIVOS III","tlaq",-1.64540418810006
"1232","GUADALUPE EJIDAL","tlaq",2.60070030205315
"1233","GUAYABITOS","tlaq",2.88395157750839
"1234","HACIENDA DE TLAQUEPAQUE","tlaq",0.128957811512007
"1235","HACIENDA DE VIDRIO","tlaq",0.744434579931891
"1236","HACIENDAS DE SAN JOSE","tlaq",-1.28163759003452
"1237","HACIENDAS DEL REAL","tlaq",0.52770420186744
"1238","HACIENDAS LA CANDELARIA","tlaq",-0.435227699762901
"1239","HIDALGO","tlaq",0.454197121342
"1240","JARDINES DE LA PAZ","tlaq",-1.32657083553363
"1241","JARDINES DE SAN MARTIN","tlaq",2.09016361803911
"1242","JARDINES DE SANTA MARIA","tlaq",5.05425160294847
"1243","JARDINES DEL TAPATIO","tlaq",0.916270392708613
"1244","JUAN DE LA BARRERA","tlaq",1.38411607446292
"1245","LA ASUNCION","tlaq",-0.25099620094137
"1246","LA AURORA","tlaq",3.0259826163673
"1247","LA CAPACHA","tlaq",-0.283274482124492
"1249","LA CARIDAD","tlaq",4.42564689618938
"1250","LA DURAZNERA","tlaq",1.33071899330563
"1251","LA GIGANTERA","tlaq",-0.231419940269044
"1252","LA GUADALUPANA","tlaq",1.08119479384907
"1253","LA HUIZACHERA","tlaq",2.02310209246864
"1254","LA LADRILLERA","tlaq",1.28133509198129
"1255","LA LLAVE","tlaq",-0.342543139646444
"1256","LA MEZQUITERA","tlaq",0.488725793682629
"1257","LA MICAILITA","tlaq",1.49169937243214
"1258","LA PIEDRERA","tlaq",5.66770769707624
"1259","LA SOLEDAD","tlaq",0.281274262242562
"1260","LA TIJERA","tlaq",2.56008306308192
"1261","LAS FLORES","tlaq",1.6345690098865
"1262","LAS HUERTAS","tlaq",0.628521774697756
"1263","LAS JUNTAS","tlaq",0.716840331475828
"1264","LAS JUNTAS II","tlaq",1.27036634345823
"1265","LAS JUNTITAS","tlaq",0.950454339373992
"1266","LAS LIEBRES","tlaq",1.83262077958734
"1267","LAS VEGAS","tlaq",2.3987701926694
"1268","LAZARO CARDENAS","tlaq",1.7097375399374
"1269","LINDAVISTA","tlaq",-0.53491510227869
"1270","LINDAVISTA COUNTRY","tlaq",1.34965208592471
"1271","LOMA BONITA EJIDAL","tlaq",0.26921262554665
"1272","LOMAS DE LA VICTORIA","tlaq",-1.28912471468261
"1273","LOMAS DE SAN MIGUEL","tlaq",-0.538821765560915
"1274","LOMAS DE SAN PEDRITO","tlaq",0.427696417498989
"1275","LOMAS DE SANTA MARIA","tlaq",5.09055948402016
"1276","LOMAS DE TLAQUEPAQUE","tlaq",0.510533080178867
"1277","LOMAS DEL CUATRO","tlaq",0.937044284343893
"1278","LOMAS DEL TAPATIO","tlaq",0.76352277354366
"1279","LOPEZ COTILLA","tlaq",1.15862705321932
"1280","LOPEZ MATEOS","tlaq",1.34524070247067
"1281","LORETO","tlaq",-1.69593387723277
"1282","LOS ALMENDROS","tlaq",-1.35709173127505
"1283","LOS ALTOS","tlaq",-0.546310583816719
"1285","LOS MESEROS","tlaq",0.231162498426278
"1286","LOS NARANJOS","tlaq",2.2204014529062
"1288","LOS PORTALES","tlaq",-0.169805852985752
"1289","LOS PUESTOS","tlaq",1.7356592131371
"1290","LOS SANTIBAÐEZ","tlaq",5.13892343859557
"1291","MANANTIAL","tlaq",6.45660524284698
"1292","MIRAVALLE","tlaq",-1.19267814637349
"1294","NUEVA SANTA MARIA","tlaq",1.30556931210952
"1295","OJO DE AGUA","tlaq",0.136275690724795
"1296","OJO DE AGUA II","tlaq",4.74499612896714
"1297","PACIFICO","tlaq",1.004842017565
"1298","PARQUES COLON","tlaq",-1.28051405906
"1299","PARQUES DE SANTA MARIA","tlaq",-0.85577906131854
"1300","PARQUES DE STA CRUZ DEL VALLE","tlaq",-0.749246299489269
"1301","PARQUES DE TLAQUEPAQUE","tlaq",-1.19113335130759
"1302","PASEOS DEL LAGO","tlaq",1.07936383573001
"1303","PASEOS DEL PRADO","tlaq",-0.424371072679445
"1304","PLAN DE ORIENTE","tlaq",3.63534750674594
"1305","PONCIANO ARRIAGA","tlaq",1.26954283774197
"1306","PRADOS DE SANTA MARIA","tlaq",-1.10012490257607
"1307","PRADOS DEL NILO","tlaq",-1.26550352082025
"1308","QUINTERO","tlaq",0.203378921282875
"1309","RANCHO BLANCO","tlaq",-0.788419064649209
"1310","RESIDENCIAL VILLAS FONTANA","tlaq",-0.784137804514511
"1311","REVOLUCION","tlaq",-1.38885734600363
"1312","REVOLUCION II","tlaq",-1.14828058512622
"1313","ROMITA","tlaq",2.04481485496471
"1314","SALVADOR PORTILLO LOPEZ","tlaq",1.29140168738519
"1315","SAN AGUSTIN","tlaq",1.74073206289273
"1316","SAN CLEMENTE","tlaq",1.71452645855976
"1317","SAN FRANCISCO","tlaq",0.324559358836304
"1318","SAN JUAN","tlaq",-0.28755812274149
"1319","SAN JUAN II","tlaq",5.69660482276745
"1320","SAN MARTIN DE LAS FLORES DE ABAJO","tlaq",3.47331725893411
"1321","SAN MARTIN DE LAS FLORES DE ARRIBA","tlaq",3.5026484298293
"1322","SAN PEDRITO","tlaq",1.36008924770592
"1323","SAN SEBASTIANITO","tlaq",0.143122362975623
"1324","SANTA ANITA","tlaq",0.66727566445334
"1325","SANTA ANITA CAMINO REAL","tlaq",-1.69596309688621
"1326","SANTA MARIA TEQUEPEXPAN","tlaq",0.902588795320588
"1327","SANTA ROSA DEL VALLE","tlaq",0.00669581766214196
"1328","SOLIDARIDAD","tlaq",1.79384208192539
"1329","SUPER MANZANA EL ALAMO","tlaq",-1.49199406965567
"1330","TATEPOSCO","tlaq",1.38924914500297
"1331","TEPEYAC","tlaq",-0.303011769198827
"1332","TEPEYAC II","tlaq",1.32631751353164
"1333","TERRALTA","tlaq",-1.43214669212985
"1334","TIERRAS BLANDAS","tlaq",2.83318222414153
"1335","TINAJITAS","tlaq",3.06850263897065
"1336","TOLUQUILLA","tlaq",0.262165871395447
"1337","TRES PINOS","tlaq",-1.83139705237899
"1338","VALLE BALCONES DE SANTA MARIA","tlaq",1.92901649269924
"1339","VALLE DE LA MISERICORDIA","tlaq",5.20548673414527
"1340","VALLE DE LAS HERAS","tlaq",-0.788118762590895
"1341","VISTA HERMOSA","tlaq",-0.701546121793262
"1342","4 ESTACIONES","tlajomulco",-0.169326937753133
"1343","ACUEDUCTO SAN AGUSTIN","tlajomulco",-1.79596010966321
"1344","ARBOLADA BOSQUES DE SANTA ANITA","tlajomulco",-1.7936090341238
"1345","BALCONES DE SANTA ANITA","tlajomulco",0.494641831276896
"1346","BANUS","tlajomulco",-1.16979365769402
"1347","BUENAVISTA","tlajomulco",0.304363321486882
"1348","CAJITITLAN","tlajomulco",1.15361275054355
"1349","CAMICHIN SANTA ANITA","tlajomulco",-0.868662630922683
"1350","CAMPO DE GOLF SANTA ANITA CONDOMINIO","tlajomulco",-2.13312562314139
"1351","CAMPO SUR","tlajomulco",-0.684183478151595
"1352","CASA BLANCA","tlajomulco",2.49733039991115
"1353","CENTRO","tlajomulco",1.7730987277784
"1354","EL CHIRIMOYO","tlajomulco",0.615345638606386
"1355","COLINAS DEL ROBLE","tlajomulco",0.407158232926612
"1356","COLONIA LA ALAMEDA","tlajomulco",0.849220027178953
"1357","CONCEPCION DEL VALLE (LA CONCHA)","tlajomulco",1.34927200609803
"1358","CUMBRES","tlajomulco",0.968498610301847
"1359","DEL PILAR RESIDENCIAL","tlajomulco",0.819624126350333
"1360","EL ARROYO","tlajomulco",1.28868845694045
"1361","EL CAPULIN","tlajomulco",1.75969721126291
"1362","EL COLIBRI","tlajomulco",0.965614269267718
"1363","EL DERRAMADERO","tlajomulco",0.029881032287606
"1364","EL PALOMAR","tlajomulco",-1.74098311372002
"1365","EL PARAISO","tlajomulco",-1.32014112708707
"1366","EL PARAISO ( SAN SEBASTIAN EL GRANDE )","tlajomulco",3.59102138218978
"1367","EL ZAPOTE","tlajomulco",1.24113202081809
"1368","ESMERALDA","tlajomulco",3.3573017149086
"1369","ETAPA 1","tlajomulco",0.89098948323379
"1370","ETAPA 10","tlajomulco",3.55437427230568
"1371","ETAPA 11","tlajomulco",1.9090884739113
"1372","ETAPA 12","tlajomulco",2.45421639232503
"1373","ETAPA 13","tlajomulco",2.92896312876252
"1374","ETAPA 14","tlajomulco",3.89888952070757
"1375","ETAPA 15","tlajomulco",2.70367810056119
"1376","ETAPA 16","tlajomulco",3.4915185300852
"1377","ETAPA 17","tlajomulco",0.977813744438262
"1378","ETAPA 18","tlajomulco",3.40713004664886
"1379","ETAPA 19","tlajomulco",4.15437962136955
"1380","ETAPA 2","tlajomulco",0.339145261819695
"1381","ETAPA 3","tlajomulco",1.01879994717275
"1382","ETAPA 4","tlajomulco",0.273270006027076
"1383","ETAPA 5","tlajomulco",1.48590097026698
"1384","ETAPA 6","tlajomulco",0.072527907104904
"1385","ETAPA 7","tlajomulco",1.37042054181681
"1386","ETAPA 8","tlajomulco",2.38414386237013
"1387","ETAPA 9","tlajomulco",2.56830237723118
"1388","FRACC.VILLAS DE SAN SEBASTIAN (COL. VISTAS DEL VALLE)","tlajomulco",0.105962936041902
"1389","GEOVILLAS LA ARBOLADA","tlajomulco",-0.454519777486525
"1390","HABITACIONAL TEJEDA","tlajomulco",2.08742002873942
"1391","HACIENDA CASA FUERTE","tlajomulco",-1.05382087637079
"1392","HACIENDA DE LOS EUCALIPTOS","tlajomulco",0.409124334475533
"1393","HACIENDA LA NORIA","tlajomulco",1.36298762016491
"1394","HACIENDA LOS FRESNOS","tlajomulco",-0.515293226364869
"1395","HACIENDA LOS FRESNOS II","tlajomulco",0.816216808179921
"1396","HACIENDA SANTA FE","tlajomulco",0.414421956154022
"1397","HACIENDAS DEL SUR","tlajomulco",-0.859660463051224
"1398","HEROES DE NACOZARI","tlajomulco",0.115910129365574
"1399","INSURGENTES","tlajomulco",4.8025666496512
"1400","JARDINES DE LA ALAMEDA","tlajomulco",-0.956237804273419
"1401","JARDINES DE PRIMAVERA","tlajomulco",0.808321991633097
"1402","JARDINES DE SANTA ANITA","tlajomulco",-0.343163294313392
"1403","JARDINES DE TLAJOMULCO","tlajomulco",0.210288819819104
"1404","JARDINES DE VERANO","tlajomulco",0.796426833709227
"1405","JARDINES DEL ZAPOTE","tlajomulco",0.795285261476036
"1407","LA COLADERA","tlajomulco",2.71958084937418
"1408","LA PERLA","tlajomulco",1.24580439410327
"1409","LA PROVIDENCIA","tlajomulco",0.733913564031541
"1411","LA TIJERA","tlajomulco",0.745461703641481
"1412","LA VICTORIA","tlajomulco",-0.469644570551578
"1413","LAS CHIVAS","tlajomulco",2.63200065227109
"1414","LAS FLORES","tlajomulco",0.0253845580887686
"1415","LAS LUCES","tlajomulco",-0.214252288946378
"1416","LOMAS DE SAN AGUSTIN","tlajomulco",-0.266763569053068
"1417","LOMAS DE TEJEDA","tlajomulco",2.48254674842157
"1418","LOMAS DEL SUR","tlajomulco",0.97241843665771
"1419","LOS CIRUELOS","tlajomulco",-0.480353903484073
"1420","LOS GAVILANES","tlajomulco",-1.10844364582046
"1422","LOS MANZANOS","tlajomulco",-2.08279876720357
"1423","LOS MEZQUITES","tlajomulco",-0.777519897071472
"1424","LOS OCAMPO","tlajomulco",0.987443446534345
"1425","NUEVA GALICIA","tlajomulco",-1.535294505787
"1426","NUEVO SAN MIGUEL","tlajomulco",0.540131492038271
"1427","OJO DE AGUA","tlajomulco",-0.960800434716944
"1428","PALOMAR COUNTRY CLUB","tlajomulco",-2.20147329823792
"1429","PARAISO","tlajomulco",5.8433968870837
"1430","PASEO DE LAS AVES Y JARDINES DE SAN SEBASTIAN","tlajomulco",0.310431787592874
"1431","PASEO DE LOS AGAVES","tlajomulco",0.0448489365325631
"1432","PASEOS DE LA HACIENDA","tlajomulco",-0.492026488884436
"1433","PATRIA","tlajomulco",1.32996272809997
"1434","PRADERAS DE LA ALAMEDA","tlajomulco",0.277957127490431
"1435","PRESIDENTES","tlajomulco",4.35362615108776
"1436","PUERTAS DEL ANGEL","tlajomulco",-1.39884270145525
"1437","QUINTA SANTA ANITA","tlajomulco",3.99313821346841
"1438","RANCHO ALEGRE","tlajomulco",0.909663986782427
"1439","RANCHO SAN JOSE DEL TAJO","tlajomulco",-0.670411169247172
"1440","REAL DEL SOL","tlajomulco",-0.302806153949307
"1441","REAL DEL VALLE","tlajomulco",-0.649536476699693
"1442","BONANZA","tlajomulco",-1.70939887138081
"1444","RINCON DE LOS COPALES","tlajomulco",2.84323850629975
"1445","RINCONADA DE SAN SEBASTIAN","tlajomulco",-0.469163874783235
"1446","SAN AGUSTIN","tlajomulco",0.646730243994211
"1447","SAN ISIDRO ( EL POTRERO DE SAN ISIDRO","tlajomulco",2.6891413382737
"1448","SAN JOSE DEL TAJO","tlajomulco",-1.20506347000417
"1449","SAN JOSE DEL VALLE","tlajomulco",1.66213635510441
"1450","SAN LUCAS EVANGELISTA","tlajomulco",2.07156374925876
"1451","SAN MARTIN DEL TAJO","tlajomulco",-1.82522424003022
"1452","SAN MIGUEL CUYUTLAN","tlajomulco",1.25700926446593
"1453","SAN MIGUEL RESIDENCIAL","tlajomulco",-1.25161458526842
"1454","SAN SEBASTIAN EL GRANDE","tlajomulco",2.12034362658442
"1455","SAN VICENTE","tlajomulco",0.120217566478452
"1456","SANTA ANITA","tlajomulco",-1.76373124086235
"1457","SANTA CRUZ DE LAS FLORES","tlajomulco",0.501657814237502
"1458","SANTA CRUZ DEL VALLE","tlajomulco",1.68308942911175
"1459","SANTA FE","tlajomulco",-0.226288722566342
"1460","SANTA ISABEL","tlajomulco",0.361079355812199
"1461","SANTA ROSA DEL VALLE","tlajomulco",6.3353236212961
"1462","SECCION 12122","tlajomulco",0.447306237675277
"1463","SENDERO DE LAS MORAS","tlajomulco",-1.83840728315973
"1464","SENDERO DEL VALLE","tlajomulco",1.35430540833476
"1465","SILOS","tlajomulco",1.62291403935545
"1466","SIN NOMBRE 1","tlajomulco",1.41236657887928
"1467","SIN NOMBRE 2","tlajomulco",0.806534071992757
"1468","SIN NOMBRE 3","tlajomulco",0.892472997384592
"1469","SIN NOMBRE 4","tlajomulco",1.82540952629089
"1470","SIN NOMBRE 5","tlajomulco",-0.643859423679457
"1471","SIN NOMBRE 6","tlajomulco",2.25384810095638
"1472","UNION DEL CUATRO","tlajomulco",0.399273198392187
"1473","VALLE DE LA MISERICORDIA","tlajomulco",-0.115957223731946
"1474","VALLE DE LAS FLORES","tlajomulco",0.235912258397713
"1475","VALLE DE TLAJOMULCO","tlajomulco",0.852111909903085
"1476","VALLE DORADO","tlajomulco",0.149211860798605
"1477","VALLE DORADO 2DA SECCION INN","tlajomulco",-0.33753435472914
"1478","VILLA CALIFORNIA","tlajomulco",0.0555183306576053
"1479","VILLA LUNA","tlajomulco",0.0244711209966847
"1480","VILLAS DE LA ALAMEDA","tlajomulco",0.588023420839267
"1481","VILLAS DE LA HACIENDA","tlajomulco",-0.0682874823377126
"1483","VILLAS DE ZAPOTEPEC","tlajomulco",0.625397878594284
"1484","VILLAS DEL EDEN","tlajomulco",10.4345019649051
"1485","VILLAS TERRANOVA","tlajomulco",0.00929826977910819
"1486","VISTAS DEL VALLE (VILLAS DE SAN SEBASTIAN)","tlajomulco",1.12187308830518
"1487","ZAPOTE DEL VALLE","tlajomulco",0.317491008503991
